date,brent_nominal_usd,brent_pre2018_usd,sc_nominal_cny,sc_nominal_usd,cny_usd,us_cpi,china_cpi,price_spliced_nominal_usd,price_real_pre2018,price_real_post2018,price_spliced_real,rpo_sc,segment
1987-05-01,18.580000,18.580000,,,3.731400,113.000000,,18.580000,0.164425,,0.164425,-180.530209,brent
1987-06-01,18.860000,18.860000,,,3.731400,113.500000,,18.860000,0.166167,,0.166167,-179.475956,brent
1987-07-01,19.860000,19.860000,,,3.731400,113.800000,,19.860000,0.174517,,0.174517,-174.573486,brent
1987-08-01,18.980000,18.980000,,,3.731400,114.300000,,18.980000,0.166054,,0.166054,-179.544078,brent
1987-09-01,18.310000,18.310000,,,3.731400,114.700000,,18.310000,0.159634,,0.159634,-183.487267,brent
1987-10-01,18.760000,18.760000,,,3.731400,115.000000,,18.760000,0.163130,,0.163130,-181.320518,brent
1987-11-01,17.780000,17.780000,,,3.731400,115.400000,,17.780000,0.154073,,0.154073,-187.033012,brent
1987-12-01,17.050000,17.050000,,,3.731400,115.600000,,17.050000,0.147491,,0.147491,-191.398575,brent
1988-01-01,16.750000,16.750000,,,3.731400,116.000000,,16.750000,0.144397,,0.144397,-193.519193,brent
1988-02-01,15.730000,15.730000,,,3.731400,116.200000,,15.730000,0.135370,,0.135370,-199.974313,brent
1988-03-01,14.730000,14.730000,,,3.731400,116.500000,,14.730000,0.126438,,0.126438,-206.800504,brent
1988-04-01,16.600000,16.600000,,,3.731400,117.200000,,16.600000,0.141638,,0.141638,-195.447918,brent
1988-05-01,16.310000,16.310000,,,3.731400,117.500000,,16.310000,0.138809,,0.138809,-197.465992,brent
1988-06-01,15.540000,15.540000,,,3.731400,118.000000,,15.540000,0.131695,,0.131695,-202.726728,brent
1988-07-01,14.910000,14.910000,,,3.731400,118.500000,,14.910000,0.125823,,0.125823,-207.288083,brent
1988-08-01,14.890000,14.890000,,,3.731400,119.000000,,14.890000,0.125126,,0.125126,-207.843365,brent
1988-09-01,13.180000,13.180000,,,3.731400,119.500000,,13.180000,0.110293,,0.110293,-220.461584,brent
1988-10-01,12.410000,12.410000,,,3.731400,119.900000,,12.410000,0.103503,,0.103503,-226.815546,brent
1988-11-01,13.020000,13.020000,,,3.731400,120.300000,,13.020000,0.108229,,0.108229,-222.350199,brent
1988-12-01,15.310000,15.310000,,,3.731400,120.700000,,15.310000,0.126843,,0.126843,-206.480192,brent
1989-01-01,17.170000,17.170000,,,3.731400,121.200000,,17.170000,0.141667,,0.141667,-195.427840,brent
1989-02-01,16.890000,16.890000,,,3.731400,121.600000,,16.890000,0.138898,,0.138898,-197.401524,brent
1989-03-01,18.700000,18.700000,,,3.731400,122.200000,,18.700000,0.153028,,0.153028,-187.713552,brent
1989-04-01,20.320000,20.320000,,,3.731400,123.100000,,20.320000,0.165069,,0.165069,-180.139141,brent
1989-05-01,18.630000,18.630000,,,3.731400,123.700000,,18.630000,0.150606,,0.150606,-189.308609,brent
1989-06-01,17.670000,17.670000,,,3.731418,124.100000,,17.670000,0.142385,,0.142385,-194.921941,brent
1989-07-01,17.620000,17.620000,,,3.731400,124.500000,,17.620000,0.141526,,0.141526,-195.527110,brent
1989-08-01,16.770000,16.770000,,,3.731400,124.500000,,16.770000,0.134699,,0.134699,-200.471414,brent
1989-09-01,17.770000,17.770000,,,3.731400,124.800000,,17.770000,0.142388,,0.142388,-194.920081,brent
1989-10-01,18.910000,18.910000,,,3.731400,125.400000,,18.910000,0.150797,,0.150797,-189.181775,brent
1989-11-01,18.730000,18.730000,,,3.731400,125.900000,,18.730000,0.148769,,0.148769,-190.536142,brent
1989-12-01,19.840000,19.840000,,,4.182525,126.300000,,19.840000,0.157086,,0.157086,-185.095993,brent
1990-01-01,21.250000,21.250000,,,4.733900,127.500000,,21.250000,0.166667,,0.166667,-179.175947,brent
1990-02-01,19.810000,19.810000,,,4.733900,128.000000,,19.810000,0.154766,,0.154766,-186.584340,brent
1990-03-01,18.390000,18.390000,,,4.733900,128.600000,,18.390000,0.143002,,0.143002,-194.489977,brent
1990-04-01,16.610000,16.610000,,,4.733852,128.900000,,16.610000,0.128860,,0.128860,-204.903199,brent
1990-05-01,16.350000,16.350000,,,4.733900,129.100000,,16.350000,0.126646,,0.126646,-206.635940,brent
1990-06-01,15.100000,15.100000,,,4.733876,129.900000,,15.100000,0.116243,,0.116243,-215.207018,brent
1990-07-01,17.170000,17.170000,,,4.733900,130.500000,,17.170000,0.131571,,0.131571,-202.820955,brent
1990-08-01,27.170000,27.170000,,,4.733900,131.600000,,27.170000,0.206459,,0.206459,-157.765360,brent
1990-09-01,34.900000,34.900000,,,4.734216,132.500000,,34.900000,0.263396,,0.263396,-133.409582,brent
1990-10-01,36.020000,36.020000,,,4.733900,133.400000,,36.020000,0.270015,,0.270015,-130.927779,brent
1990-11-01,33.070000,33.070000,,,4.971358,133.700000,,33.070000,0.247345,,0.247345,-139.697196,brent
1990-12-01,28.270000,28.270000,,,5.235200,134.200000,,28.270000,0.210656,,0.210656,-155.753005,brent
1991-01-01,23.570000,23.570000,,,5.235200,134.700000,,23.570000,0.174981,,0.174981,-174.307537,brent
1991-02-01,19.540000,19.540000,,,5.235200,134.800000,,19.540000,0.144955,,0.144955,-193.132855,brent
1991-03-01,19.080000,19.080000,,,5.235200,134.800000,,19.080000,0.141543,,0.141543,-195.515153,brent
1991-04-01,19.180000,19.180000,,,5.276719,135.100000,,19.180000,0.141969,,0.141969,-195.214718,brent
1991-05-01,19.190000,19.190000,,,5.325723,135.600000,,19.190000,0.141519,,0.141519,-195.532007,brent
1991-06-01,18.170000,18.170000,,,5.366721,136.000000,,18.170000,0.133603,,0.133603,-201.288300,brent
1991-07-01,19.400000,19.400000,,,5.369310,136.200000,,19.400000,0.142438,,0.142438,-194.885133,brent
1991-08-01,19.770000,19.770000,,,5.372491,136.600000,,19.770000,0.144729,,0.144729,-193.289131,brent
1991-09-01,20.500000,20.500000,,,5.386929,137.000000,,20.500000,0.149635,,0.149635,-189.955604,brent
1991-10-01,22.210000,22.210000,,,5.391690,137.200000,,22.210000,0.161880,,0.161880,-182.089708,brent
1991-11-01,21.110000,21.110000,,,5.399421,137.800000,,21.110000,0.153193,,0.153193,-187.605650,brent
1991-12-01,18.410000,18.410000,,,5.423152,138.200000,,18.410000,0.133213,,0.133213,-201.580792,brent
1992-01-01,18.160000,18.160000,,,5.461819,138.300000,,18.160000,0.131309,,0.131309,-203.020387,brent
1992-02-01,18.050000,18.050000,,,5.477632,138.600000,,18.050000,0.130231,,0.130231,-203.844640,brent
1992-03-01,17.630000,17.630000,,,5.487127,139.100000,,17.630000,0.126743,,0.126743,-206.559110,brent
1992-04-01,18.920000,18.920000,,,5.509755,139.400000,,18.920000,0.135725,,0.135725,-199.712793,brent
1992-05-01,19.890000,19.890000,,,5.518174,139.700000,,19.890000,0.142377,,0.142377,-194.928017,brent
1992-06-01,21.160000,21.160000,,,5.489300,140.100000,,21.160000,0.151035,,0.151035,-189.024385,brent
1992-07-01,20.240000,20.240000,,,5.456370,140.500000,,20.240000,0.144057,,0.144057,-193.754664,brent
1992-08-01,19.740000,19.740000,,,5.441700,140.800000,,19.740000,0.140199,,0.140199,-196.469341,brent
1992-09-01,20.270000,20.270000,,,5.504755,141.100000,,20.270000,0.143657,,0.143657,-194.032690,brent
1992-10-01,20.260000,20.260000,,,5.548600,141.700000,,20.260000,0.142978,,0.142978,-194.506365,brent
1992-11-01,19.210000,19.210000,,,5.613414,142.100000,,19.210000,0.135186,,0.135186,-200.110006,brent
1992-12-01,18.140000,18.140000,,,5.810628,142.300000,,18.140000,0.127477,,0.127477,-205.981806,brent
1993-01-01,17.390000,17.390000,,,5.779612,142.800000,41.346890,17.390000,0.121779,,0.121779,-210.554972,brent
1993-02-01,18.470000,18.470000,,,5.787433,143.100000,41.581100,18.470000,0.129071,,0.129071,-204.739589,brent
1993-03-01,18.790000,18.790000,,,5.745461,143.300000,42.350710,18.790000,0.131124,,0.131124,-203.161552,brent
1993-04-01,18.670000,18.670000,,,5.720177,143.800000,43.574390,18.670000,0.129833,,0.129833,-204.150549,brent
1993-05-01,18.510000,18.510000,,,5.739193,144.200000,44.226740,18.510000,0.128363,,0.128363,-205.289010,brent
1993-06-01,17.650000,17.650000,,,5.750368,144.300000,44.165550,17.650000,0.122315,,0.122315,-210.115868,brent
1993-07-01,16.780000,16.780000,,,5.775600,144.500000,43.859540,16.780000,0.116125,,0.116125,-215.309181,brent
1993-08-01,16.700000,16.700000,,,5.790623,144.800000,44.799500,16.700000,0.115331,,0.115331,-215.994476,brent
1993-09-01,16.010000,16.010000,,,5.801538,145.000000,45.975490,16.010000,0.110414,,0.110414,-220.352022,brent
1993-10-01,16.610000,16.610000,,,5.801300,145.600000,46.309590,16.610000,0.114080,,0.114080,-217.085821,brent
1993-11-01,15.200000,15.200000,,,5.808580,146.000000,46.710990,15.200000,0.104110,,0.104110,-226.231119,brent
1993-12-01,13.730000,13.730000,,,5.821009,146.300000,48.122940,13.730000,0.093848,,0.093848,-236.607609,brent
1994-01-01,14.290000,14.290000,,,8.721905,146.300000,50.071080,14.290000,0.097676,,0.097676,-232.609932,brent
1994-02-01,13.800000,13.800000,,,8.724868,146.700000,51.227910,13.800000,0.094070,,0.094070,-236.372109,brent
1994-03-01,13.820000,13.820000,,,8.724135,147.100000,51.837270,13.820000,0.093950,,0.093950,-236.499581,brent
1994-04-01,15.230000,15.230000,,,8.725079,147.200000,53.030030,15.230000,0.103465,,0.103465,-226.852504,brent
1994-05-01,16.190000,16.190000,,,8.685910,147.500000,53.647030,16.190000,0.109763,,0.109763,-220.943441,brent
1994-06-01,16.760000,16.760000,,,8.683586,147.900000,54.146960,16.760000,0.113320,,0.113320,-217.754127,brent
1994-07-01,17.600000,17.600000,,,8.660505,148.400000,54.385830,17.600000,0.118598,,0.118598,-213.201243,brent
1994-08-01,16.890000,16.890000,,,8.607226,149.000000,56.357770,16.890000,0.113356,,0.113356,-217.722458,brent
1994-09-01,15.900000,15.900000,,,8.558143,149.300000,58.526810,15.900000,0.106497,,0.106497,-223.963860,brent
1994-10-01,16.490000,16.490000,,,8.549170,149.400000,59.137340,16.490000,0.110375,,0.110375,-220.387314,brent
1994-11-01,17.190000,17.190000,,,8.537020,149.800000,59.556520,17.190000,0.114753,,0.114753,-216.497325,brent
1994-12-01,15.930000,15.930000,,,8.503343,150.100000,60.394290,15.930000,0.106129,,0.106129,-224.309761,brent
1995-01-01,16.550000,16.550000,,,8.460805,150.500000,62.138210,16.550000,0.109967,,0.109967,-220.757698,brent
1995-02-01,17.110000,17.110000,,,8.455268,150.900000,62.702960,17.110000,0.113386,,0.113386,-217.695428,brent
1995-03-01,17.010000,17.010000,,,8.448291,151.200000,62.878610,17.010000,0.112500,,0.112500,-218.480206,brent
1995-04-01,18.650000,18.650000,,,8.442115,151.800000,64.007250,18.650000,0.122859,,0.122859,-209.671772,brent
1995-05-01,18.350000,18.350000,,,8.337000,152.100000,64.537380,18.350000,0.120644,,0.120644,-211.490862,brent
1995-06-01,17.310000,17.310000,,,8.320595,152.400000,64.001710,17.310000,0.113583,,0.113583,-217.522427,brent
1995-07-01,15.850000,15.850000,,,8.320745,152.600000,63.468270,15.850000,0.103866,,0.103866,-226.465062,brent
1995-08-01,16.100000,16.100000,,,8.325274,152.900000,64.529650,16.100000,0.105298,,0.105298,-225.096484,brent
1995-09-01,16.700000,16.700000,,,8.337440,153.100000,66.252340,16.700000,0.109079,,0.109079,-221.568258,brent
1995-10-01,16.110000,16.110000,,,8.335348,153.500000,66.292960,16.110000,0.104951,,0.104951,-225.426037,brent
1995-11-01,16.860000,16.860000,,,8.333443,153.700000,66.226850,16.860000,0.109694,,0.109694,-221.005870,brent
1995-12-01,17.930000,17.930000,,,8.335015,153.900000,66.494110,17.930000,0.116504,,0.116504,-214.982775,brent
1996-01-01,17.850000,17.850000,,,8.338400,154.700000,67.730650,17.850000,0.115385,,0.115385,-215.948425,brent
1996-02-01,18.000000,18.000000,,,8.333750,155.000000,68.534330,18.000000,0.116129,,0.116129,-215.305336,brent
1996-03-01,19.850000,19.850000,,,8.349543,155.500000,69.040710,19.850000,0.127653,,0.127653,-205.844172,brent
1996-04-01,20.900000,20.900000,,,8.351450,156.100000,70.215950,20.900000,0.133889,,0.133889,-201.074767,brent
1996-05-01,19.150000,19.150000,,,8.347864,156.400000,70.281210,19.150000,0.122442,,0.122442,-210.011411,brent
1996-06-01,18.460000,18.460000,,,8.342360,156.700000,69.505860,18.460000,0.117805,,0.117805,-213.872692,brent
1996-07-01,19.570000,19.570000,,,8.340932,157.000000,68.736130,19.570000,0.124650,,0.124650,-208.224802,brent
1996-08-01,20.510000,20.510000,,,8.337923,157.200000,69.756550,20.510000,0.130471,,0.130471,-203.660631,brent
1996-09-01,22.630000,22.630000,,,8.334110,157.700000,71.155010,22.630000,0.143500,,0.143500,-194.141803,brent
1996-10-01,24.160000,24.160000,,,8.329905,158.200000,70.933460,24.160000,0.152718,,0.152718,-187.916168,brent
1996-11-01,22.760000,22.760000,,,8.329395,158.700000,70.796500,22.760000,0.143415,,0.143415,-194.201102,brent
1996-12-01,23.780000,23.780000,,,8.329014,159.100000,71.148700,23.780000,0.149466,,0.149466,-190.068804,brent
1997-01-01,23.540000,23.540000,,,8.325967,159.400000,71.726760,23.540000,0.147679,,0.147679,-191.271566,brent
1997-02-01,20.850000,20.850000,,,8.322742,159.700000,72.372260,20.850000,0.130557,,0.130557,-203.594311,brent
1997-03-01,19.130000,19.130000,,,8.325752,159.800000,71.802340,19.130000,0.119712,,0.119712,-212.266525,brent
1997-04-01,17.560000,17.560000,,,8.325659,159.900000,72.462860,17.560000,0.109819,,0.109819,-220.892503,brent
1997-05-01,19.020000,19.020000,,,8.322852,159.900000,72.249080,19.020000,0.118949,,0.118949,-212.905756,brent
1997-06-01,17.580000,17.580000,,,8.322371,160.200000,71.452020,17.580000,0.109738,,0.109738,-220.966114,brent
1997-07-01,18.460000,18.460000,,,8.316182,160.400000,70.592000,18.460000,0.115087,,0.115087,-216.206447,brent
1997-08-01,18.600000,18.600000,,,8.318681,160.800000,71.081920,18.600000,0.115672,,0.115672,-215.699978,brent
1997-09-01,18.460000,18.460000,,,8.317070,161.200000,72.435810,18.460000,0.114516,,0.114516,-216.703960,brent
1997-10-01,19.870000,19.870000,,,8.313486,161.500000,71.997470,19.870000,0.123034,,0.123034,-209.529409,brent
1997-11-01,19.170000,19.170000,,,8.310894,161.700000,71.575260,19.170000,0.118553,,0.118553,-213.239621,brent
1997-12-01,17.180000,17.180000,,,8.309900,161.800000,71.433290,17.180000,0.106180,,0.106180,-224.261509,brent
1998-01-01,15.190000,15.190000,,,8.309445,162.000000,71.941940,15.190000,0.093765,,0.093765,-236.695902,brent
1998-02-01,14.070000,14.070000,,,8.307174,162.000000,72.299890,14.070000,0.086852,,0.086852,-244.355146,brent
1998-03-01,13.100000,13.100000,,,8.307595,162.000000,72.304950,13.100000,0.080864,,0.080864,-251.498411,brent
1998-04-01,13.530000,13.530000,,,8.305800,162.200000,72.245470,13.530000,0.083416,,0.083416,-248.392070,brent
1998-05-01,14.360000,14.360000,,,8.308395,162.600000,71.526600,14.360000,0.088315,,0.088315,-242.684663,brent
1998-06-01,12.210000,12.210000,,,8.310000,162.800000,70.523140,12.210000,0.075000,,0.075000,-259.026717,brent
1998-07-01,12.080000,12.080000,,,8.310000,163.200000,69.603710,12.080000,0.074020,,0.074020,-260.342525,brent
1998-08-01,11.910000,11.910000,,,8.310000,163.400000,70.086780,11.910000,0.072889,,0.072889,-261.882280,brent
1998-09-01,13.340000,13.340000,,,8.305452,163.500000,71.349270,13.340000,0.081590,,0.081590,-250.604595,brent
1998-10-01,12.700000,12.700000,,,8.277800,163.900000,71.205500,12.700000,0.077486,,0.077486,-255.765449,brent
1998-11-01,11.040000,11.040000,,,8.277821,164.100000,70.716360,11.040000,0.067276,,0.067276,-269.895096,brent
1998-12-01,9.820000,9.820000,,,8.277950,164.400000,70.718960,9.820000,0.059732,,0.059732,-281.788136,brent
1999-01-01,11.110000,11.110000,,,8.278921,164.700000,71.078640,11.110000,0.067456,,0.067456,-269.628003,brent
1999-02-01,10.270000,10.270000,,,8.278137,164.700000,71.359990,10.270000,0.062356,,0.062356,-277.489861,brent
1999-03-01,12.510000,12.510000,,,8.279152,164.800000,71.003460,12.510000,0.075910,,0.075910,-257.820429,brent
1999-04-01,15.290000,15.290000,,,8.279186,165.900000,70.656070,15.290000,0.092164,,0.092164,-238.418618,brent
1999-05-01,15.230000,15.230000,,,8.278535,166.000000,69.953010,15.230000,0.091747,,0.091747,-238.872062,brent
1999-06-01,15.860000,15.860000,,,8.277986,166.000000,69.042160,15.860000,0.095542,,0.095542,-234.818757,brent
1999-07-01,19.080000,19.080000,,,8.277600,166.700000,68.629260,19.080000,0.114457,,0.114457,-216.755512,brent
1999-08-01,20.220000,20.220000,,,8.277245,167.100000,69.175640,20.220000,0.121005,,0.121005,-211.192022,brent
1999-09-01,22.540000,22.540000,,,8.277448,167.800000,70.778470,22.540000,0.134327,,0.134327,-200.748129,brent
1999-10-01,22.000000,22.000000,,,8.277490,168.100000,70.778270,22.000000,0.130874,,0.130874,-203.351659,brent
1999-11-01,24.580000,24.580000,,,8.278225,168.400000,70.079920,24.580000,0.145962,,0.145962,-192.440900,brent
1999-12-01,25.470000,25.470000,,,8.279352,168.800000,70.011770,25.470000,0.150889,,0.150889,-189.121329,brent
2000-01-01,25.510000,25.510000,,,8.279215,169.300000,70.936490,25.510000,0.150679,,0.150679,-189.260176,brent
2000-02-01,27.780000,27.780000,,,8.278120,170.000000,71.859500,27.780000,0.163412,,0.163412,-181.148210,brent
2000-03-01,27.490000,27.490000,,,8.278561,171.000000,70.861460,27.490000,0.160760,,0.160760,-182.784125,brent
2000-04-01,22.760000,22.760000,,,8.279285,170.900000,70.444100,22.760000,0.133177,,0.133177,-201.607398,brent
2000-05-01,27.740000,27.740000,,,8.278100,171.200000,70.022960,27.740000,0.162033,,0.162033,-181.995705,brent
2000-06-01,29.800000,29.800000,,,8.277209,172.200000,69.387370,29.800000,0.173055,,0.173055,-175.414820,brent
2000-07-01,28.680000,28.680000,,,8.279360,172.700000,68.972410,28.680000,0.166068,,0.166068,-179.535597,brent
2000-08-01,30.200000,30.200000,,,8.279570,172.700000,69.383170,30.200000,0.174870,,0.174870,-174.371406,brent
2000-09-01,33.140000,33.140000,,,8.278545,173.600000,70.778470,33.140000,0.190899,,0.190899,-165.601279,brent
2000-10-01,30.960000,30.960000,,,8.278462,173.900000,70.778270,30.960000,0.178033,,0.178033,-172.578437,brent
2000-11-01,32.550000,32.550000,,,8.277371,174.200000,70.990950,32.550000,0.186854,,0.186854,-167.742670,brent
2000-12-01,25.660000,25.660000,,,8.277145,174.600000,71.061940,25.660000,0.146964,,0.146964,-191.756428,brent
2001-01-01,25.620000,25.620000,,,8.277610,175.600000,71.787720,25.620000,0.145900,,0.145900,-192.483538,brent
2001-02-01,27.500000,27.500000,,,8.277058,176.000000,71.859500,27.500000,0.156250,,0.156250,-185.629799,brent
2001-03-01,24.500000,24.500000,,,8.277532,176.100000,71.428350,24.500000,0.139125,,0.139125,-197.237890,brent
2001-04-01,25.660000,25.660000,,,8.277105,176.400000,71.571210,25.660000,0.145465,,0.145465,-192.782078,brent
2001-05-01,28.310000,28.310000,,,8.276977,177.300000,71.213350,28.310000,0.159673,,0.159673,-183.462811,brent
2001-06-01,27.850000,27.850000,,,8.277038,177.700000,70.358800,27.850000,0.156725,,0.156725,-185.326377,brent
2001-07-01,24.610000,24.610000,,,8.276890,177.400000,70.007000,24.610000,0.138726,,0.138726,-197.525421,brent
2001-08-01,25.680000,25.680000,,,8.276970,177.400000,70.077000,25.680000,0.144758,,0.144758,-193.269459,brent
2001-09-01,25.620000,25.620000,,,8.276806,178.100000,70.707700,25.620000,0.143852,,0.143852,-193.897189,brent
2001-10-01,20.540000,20.540000,,,8.276809,177.600000,70.919820,20.540000,0.115653,,0.115653,-215.715963,brent
2001-11-01,18.800000,18.800000,,,8.276895,177.500000,70.777980,18.800000,0.105915,,0.105915,-224.511374,brent
2001-12-01,18.710000,18.710000,,,8.276400,177.400000,70.848760,18.710000,0.105468,,0.105468,-224.934893,brent
2002-01-01,19.420000,19.420000,,,8.277124,177.700000,71.061300,19.420000,0.109285,,0.109285,-221.379327,brent
2002-02-01,20.280000,20.280000,,,8.276674,178.000000,71.842980,20.280000,0.113933,,0.113933,-217.214837,brent
2002-03-01,23.700000,23.700000,,,8.277262,178.500000,70.909020,23.700000,0.132773,,0.132773,-201.911355,brent
2002-04-01,25.730000,25.730000,,,8.277232,179.300000,70.696300,25.730000,0.143503,,0.143503,-194.140275,brent
2002-05-01,25.350000,25.350000,,,8.277009,179.500000,70.484210,25.350000,0.141226,,0.141226,-195.739648,brent
2002-06-01,24.080000,24.080000,,,8.276700,179.600000,69.849850,24.080000,0.134076,,0.134076,-200.935054,brent
2002-07-01,25.740000,25.740000,,,8.276814,180.000000,69.360900,25.740000,0.143000,,0.143000,-194.491065,brent
2002-08-01,26.650000,26.650000,,,8.276718,180.500000,69.568980,26.650000,0.147645,,0.147645,-191.294163,brent
2002-09-01,28.400000,28.400000,,,8.277025,180.800000,70.264670,28.400000,0.157080,,0.157080,-185.100230,brent
2002-10-01,27.540000,27.540000,,,8.277150,181.200000,70.405200,27.540000,0.151987,,0.151987,-188.396190,brent
2002-11-01,24.340000,24.340000,,,8.277168,181.500000,70.334790,24.340000,0.134105,,0.134105,-200.913457,brent
2002-12-01,28.330000,28.330000,,,8.277710,181.800000,70.545800,28.330000,0.155831,,0.155831,-185.898587,brent
2003-01-01,31.180000,31.180000,,,8.277457,182.600000,71.321800,31.180000,0.170756,,0.170756,-176.752110,brent
2003-02-01,32.770000,32.770000,,,8.277989,183.600000,71.963700,32.770000,0.178486,,0.178486,-172.324602,brent
2003-03-01,30.610000,30.610000,,,8.277286,183.900000,71.531910,30.610000,0.166449,,0.166449,-179.306538,brent
2003-04-01,25.000000,25.000000,,,8.277155,183.200000,71.388850,25.000000,0.136463,,0.136463,-199.170263,brent
2003-05-01,25.860000,25.860000,,,8.276919,182.900000,70.889130,25.860000,0.141389,,0.141389,-195.624218,brent
2003-06-01,27.650000,27.650000,,,8.277105,183.100000,70.038460,27.650000,0.151010,,0.151010,-189.040672,brent
2003-07-01,28.350000,28.350000,,,8.277291,183.700000,69.688270,28.350000,0.154328,,0.154328,-186.867696,brent
2003-08-01,29.890000,29.890000,,,8.277038,184.500000,70.176090,29.890000,0.162005,,0.162005,-182.012549,brent
2003-09-01,27.110000,27.110000,,,8.277167,185.100000,71.018200,27.110000,0.146461,,0.146461,-192.099356,brent
2003-10-01,29.610000,29.610000,,,8.276823,184.900000,71.657360,29.610000,0.160141,,0.160141,-183.170300,brent
2003-11-01,28.750000,28.750000,,,8.276911,185.000000,72.373940,28.750000,0.155405,,0.155405,-186.171806,brent
2003-12-01,29.810000,29.810000,,,8.276973,185.500000,72.808180,29.810000,0.160701,,0.160701,-182.821097,brent
2004-01-01,31.280000,31.280000,,,8.276990,186.300000,73.609070,31.280000,0.167901,,0.167901,-178.437936,brent
2004-02-01,30.860000,30.860000,,,8.277126,186.700000,73.461850,30.860000,0.165292,,0.165292,-180.004220,brent
2004-03-01,33.630000,33.630000,,,8.277057,187.100000,73.682240,33.630000,0.179743,,0.179743,-171.622471,brent
2004-04-01,33.590000,33.590000,,,8.276918,187.400000,74.050650,33.590000,0.179242,,0.179242,-171.901697,brent
2004-05-01,37.570000,37.570000,,,8.277070,188.200000,73.976600,37.570000,0.199628,,0.199628,-161.129937,brent
2004-06-01,35.180000,35.180000,,,8.276659,188.900000,73.458760,35.180000,0.186236,,0.186236,-168.074004,brent
2004-07-01,38.220000,38.220000,,,8.276733,189.100000,73.311840,38.220000,0.202115,,0.202115,-159.891704,brent
2004-08-01,42.740000,42.740000,,,8.276800,189.200000,73.825030,42.740000,0.225899,,0.225899,-148.766941,brent
2004-09-01,43.200000,43.200000,,,8.276652,189.800000,74.637100,43.200000,0.227608,,0.227608,-148.013039,brent
2004-10-01,49.780000,49.780000,,,8.276545,190.800000,74.637100,49.780000,0.260901,,0.260901,-134.361246,brent
2004-11-01,43.110000,43.110000,,,8.276485,191.700000,74.413190,43.110000,0.224883,,0.224883,-149.217666,brent
2004-12-01,39.600000,39.600000,,,8.276509,191.700000,74.487600,39.600000,0.206573,,0.206573,-157.710253,brent
2005-01-01,44.510000,44.510000,,,8.276500,191.600000,74.934530,44.510000,0.232307,,0.232307,-145.969598,brent
2005-02-01,45.480000,45.480000,,,8.276500,192.400000,76.283360,45.480000,0.236383,,0.236383,-144.230387,brent
2005-03-01,53.100000,53.100000,,,8.276500,193.100000,75.596800,53.100000,0.274987,,0.274987,-129.103126,brent
2005-04-01,51.880000,51.880000,,,8.276500,193.700000,75.370010,51.880000,0.267837,,0.267837,-131.737721,brent
2005-05-01,48.650000,48.650000,,,8.276500,193.600000,75.219270,48.650000,0.251291,,0.251291,-138.114237,brent
2005-06-01,54.350000,54.350000,,,8.276500,193.700000,74.617520,54.350000,0.280589,,0.280589,-127.086596,brent
2005-07-01,57.520000,57.520000,,,8.226405,194.900000,74.617520,57.520000,0.295126,,0.295126,-122.035389,brent
2005-08-01,63.980000,63.980000,,,8.101678,196.100000,74.766750,63.980000,0.326262,,0.326262,-112.005420,brent
2005-09-01,62.910000,62.910000,,,8.091900,198.800000,75.290120,62.910000,0.316449,,0.316449,-115.059416,brent
2005-10-01,58.540000,58.540000,,,8.089535,199.100000,75.591280,58.540000,0.294023,,0.294023,-122.409693,brent
2005-11-01,55.240000,55.240000,,,8.083985,198.100000,75.364510,55.240000,0.278849,,0.278849,-127.708463,brent
2005-12-01,56.860000,56.860000,,,8.075533,198.100000,75.665960,56.860000,0.287027,,0.287027,-124.817985,brent
2006-01-01,62.990000,62.990000,,,8.065365,199.300000,76.649620,62.990000,0.316056,,0.316056,-115.183524,brent
2006-02-01,60.210000,60.210000,,,8.051242,199.400000,77.032870,60.210000,0.301956,,0.301956,-119.747441,brent
2006-03-01,62.060000,62.060000,,,8.035026,199.700000,76.339580,62.060000,0.310766,,0.310766,-116.871458,brent
2006-04-01,70.260000,70.260000,,,8.014340,200.700000,76.492260,70.260000,0.350075,,0.350075,-104.960861,brent
2006-05-01,69.780000,69.780000,,,8.013095,201.300000,76.415760,69.780000,0.346647,,0.346647,-105.944890,brent
2006-06-01,68.560000,68.560000,,,8.004186,201.800000,76.033680,68.560000,0.339742,,0.339742,-107.956783,brent
2006-07-01,73.670000,73.670000,,,7.989695,202.900000,75.805580,73.670000,0.363085,,0.363085,-101.311759,brent
2006-08-01,73.230000,73.230000,,,7.972178,203.800000,76.033000,73.230000,0.359323,,0.359323,-102.353395,brent
2006-09-01,61.960000,61.960000,,,7.933410,202.800000,76.413160,61.960000,0.305523,,0.305523,-118.573126,brent
2006-10-01,57.810000,57.810000,,,7.901762,201.900000,76.489580,57.810000,0.286330,,0.286330,-125.061075,brent
2006-11-01,58.760000,58.760000,,,7.862243,202.000000,76.719050,58.760000,0.290891,,0.290891,-123.480635,brent
2006-12-01,62.470000,62.470000,,,7.821925,203.100000,77.793110,62.470000,0.307582,,0.307582,-117.901203,brent
2007-01-01,53.680000,53.680000,,,7.787624,203.437000,78.337660,53.680000,0.263865,,0.263865,-133.231588,brent
2007-02-01,57.560000,57.560000,,,7.750205,204.226000,79.121040,57.560000,0.281845,,0.281845,-126.639934,brent
2007-03-01,62.050000,62.050000,,,7.736945,205.288000,78.883670,62.050000,0.302258,,0.302258,-119.647336,brent
2007-04-01,67.490000,67.490000,,,7.724714,205.904000,78.804790,67.490000,0.327774,,0.327774,-111.543060,brent
2007-05-01,67.210000,67.210000,,,7.677250,206.755000,79.041210,67.210000,0.325071,,0.325071,-112.371247,brent
2007-06-01,71.050000,71.050000,,,7.633290,207.234000,79.357380,71.050000,0.342849,,0.342849,-107.046474,brent
2007-07-01,76.930000,76.930000,,,7.575686,207.603000,80.071590,76.930000,0.370563,,0.370563,-99.273168,brent
2007-08-01,70.760000,70.760000,,,7.573352,207.667000,81.032450,70.760000,0.340738,,0.340738,-107.664197,brent
2007-09-01,77.170000,77.170000,,,7.520975,208.547000,81.275540,77.170000,0.370036,,0.370036,-99.415366,brent
2007-10-01,82.340000,82.340000,,,7.501917,209.190000,81.519370,82.340000,0.393613,,0.393613,-93.238591,brent
2007-11-01,92.410000,92.410000,,,7.420971,210.834000,82.090010,92.410000,0.438307,,0.438307,-82.483590,brent
2007-12-01,90.930000,90.930000,,,7.368165,211.445000,82.910910,90.930000,0.430041,,0.430041,-84.387494,brent
2008-01-01,92.180000,92.180000,,,7.240452,212.174000,83.905840,92.180000,0.434455,,0.434455,-83.366351,brent
2008-02-01,94.990000,94.990000,,,7.164425,212.687000,86.087390,94.990000,0.446619,,0.446619,-80.604998,brent
2008-03-01,103.640000,103.640000,,,7.072243,213.448000,85.484780,103.640000,0.485552,,0.485552,-72.246989,brent
2008-04-01,109.070000,109.070000,,,6.999691,213.942000,85.570270,109.070000,0.509811,,0.509811,-67.371507,brent
2008-05-01,122.800000,122.800000,,,6.972495,215.208000,85.227980,122.800000,0.570611,,0.570611,-56.104799,brent
2008-06-01,132.320000,132.320000,,,6.899329,217.463000,85.057530,132.320000,0.608471,,0.608471,-49.680549,brent
2008-07-01,132.720000,132.720000,,,6.835514,219.016000,85.142590,132.720000,0.605983,,0.605983,-50.090314,brent
2008-08-01,113.240000,113.240000,,,6.846190,218.690000,85.057440,113.240000,0.517811,,0.517811,-65.814574,brent
2008-09-01,97.230000,97.230000,,,6.830738,218.877000,85.057440,97.230000,0.444222,,0.444222,-81.143062,brent
2008-10-01,71.580000,71.580000,,,6.835750,216.995000,84.802270,71.580000,0.329869,,0.329869,-110.905861,brent
2008-11-01,52.450000,52.450000,,,6.828056,213.153000,84.123850,52.450000,0.246067,,0.246067,-140.214988,brent
2008-12-01,39.950000,39.950000,,,6.853891,211.398000,83.955600,39.950000,0.188980,,0.188980,-166.611394,brent
2009-01-01,43.440000,43.440000,,,6.836030,211.933000,84.711200,43.440000,0.204970,,0.204970,-158.488951,brent
2009-02-01,43.320000,43.320000,,,6.836289,212.705000,84.711200,43.320000,0.203662,,0.203662,-159.129181,brent
2009-03-01,46.540000,46.540000,,,6.836000,212.495000,84.457070,46.540000,0.219017,,0.219017,-151.860630,brent
2009-04-01,50.180000,50.180000,,,6.830605,212.709000,84.288150,50.180000,0.235909,,0.235909,-144.430849,brent
2009-05-01,57.300000,57.300000,,,6.823480,213.022000,84.035290,57.300000,0.268986,,0.268986,-131.309482,brent
2009-06-01,68.610000,68.610000,,,6.833423,214.790000,83.615110,68.610000,0.319428,,0.319428,-114.122251,brent
2009-07-01,64.440000,64.440000,,,6.831691,214.726000,83.615110,64.440000,0.300103,,0.300103,-120.362824,brent
2009-08-01,72.510000,72.510000,,,6.832267,215.445000,84.033190,72.510000,0.336559,,0.336559,-108.898117,brent
2009-09-01,67.650000,67.650000,,,6.827671,215.861000,84.369320,67.650000,0.313396,,0.313396,-116.028733,brent
2009-10-01,72.770000,72.770000,,,6.826671,216.509000,84.287030,72.770000,0.336106,,0.336106,-109.032833,brent
2009-11-01,76.660000,76.660000,,,6.827063,217.234000,84.540660,76.660000,0.352891,,0.352891,-104.159505,brent
2009-12-01,74.460000,74.460000,,,6.827455,217.347000,85.386140,74.460000,0.342586,,0.342586,-107.123309,brent
2010-01-01,76.170000,76.170000,,,6.826916,217.488000,85.893420,76.170000,0.350226,,0.350226,-104.917599,brent
2010-02-01,73.750000,73.750000,,,6.828463,217.281000,86.929140,73.750000,0.339422,,0.339422,-108.051045,brent
2010-03-01,78.830000,78.830000,,,6.826183,217.353000,86.316170,78.830000,0.362682,,0.362682,-101.422912,brent
2010-04-01,84.820000,84.820000,,,6.825550,217.403000,86.492310,84.820000,0.390151,,0.390151,-94.122141,brent
2010-05-01,75.950000,75.950000,,,6.827450,217.290000,86.407760,75.950000,0.349533,,0.349533,-105.115764,brent
2010-06-01,74.760000,74.760000,,,6.818441,217.199000,85.886380,74.760000,0.344200,,0.344200,-106.653100,brent
2010-07-01,75.580000,75.580000,,,6.776233,217.605000,86.231620,75.580000,0.347327,,0.347327,-105.748979,brent
2010-08-01,77.040000,77.040000,,,6.787286,217.923000,86.745950,77.040000,0.353519,,0.353519,-103.981702,brent
2010-09-01,77.840000,77.840000,,,6.739648,218.275000,87.267330,77.840000,0.356614,,0.356614,-103.110030,brent
2010-10-01,82.670000,82.670000,,,6.667790,219.035000,87.880300,82.670000,0.377428,,0.377428,-97.437476,brent
2010-11-01,85.280000,85.280000,,,6.653810,219.590000,88.845550,85.280000,0.388360,,0.388360,-94.582221,brent
2010-12-01,91.450000,91.450000,,,6.649686,220.472000,89.289430,91.450000,0.414792,,0.414792,-87.997833,brent
2011-01-01,96.520000,96.520000,,,6.596415,221.187000,90.184230,96.520000,0.436373,,0.436373,-82.925826,brent
2011-02-01,103.720000,103.720000,,,6.576126,221.898000,91.337170,103.720000,0.467422,,0.467422,-76.052286,brent
2011-03-01,114.640000,114.640000,,,6.564461,223.046000,91.153830,114.640000,0.513975,,0.513975,-66.558124,brent
2011-04-01,123.260000,123.260000,,,6.526686,224.093000,91.245500,123.260000,0.550039,,0.550039,-59.776520,brent
2011-05-01,114.990000,114.990000,,,6.495681,224.806000,91.337170,114.990000,0.511508,,0.511508,-67.039264,brent
2011-06-01,113.830000,113.830000,,,6.474550,224.806000,91.612170,113.830000,0.506348,,0.506348,-68.053170,brent
2011-07-01,116.970000,116.970000,,,6.457535,225.395000,92.014050,116.970000,0.518956,,0.518956,-65.593693,brent
2011-08-01,110.220000,110.220000,,,6.403604,226.106000,92.275450,110.220000,0.487470,,0.487470,-71.852555,brent
2011-09-01,112.830000,112.830000,,,6.388457,226.597000,92.711130,112.830000,0.497932,,0.497932,-69.729085,brent
2011-10-01,109.550000,109.550000,,,6.370955,226.750000,92.798260,109.550000,0.483131,,0.483131,-72.746702,brent
2011-11-01,110.770000,110.770000,,,6.356410,227.169000,92.623990,110.770000,0.487611,,0.487611,-71.823825,brent
2011-12-01,107.870000,107.870000,,,6.348210,227.223000,92.885390,107.870000,0.474732,,0.474732,-74.500512,brent
2012-01-01,110.690000,110.690000,,,6.317170,227.842000,94.279550,110.690000,0.485819,,0.485819,-72.191890,brent
2012-02-01,119.330000,119.330000,,,6.299690,228.329000,94.192410,119.330000,0.522623,,0.522623,-64.889481,brent
2012-03-01,125.450000,125.450000,,,6.312482,228.807000,94.366680,125.450000,0.548279,,0.548279,-60.097158,brent
2012-04-01,119.750000,119.750000,,,6.304329,229.187000,94.279550,119.750000,0.522499,,0.522499,-64.913203,brent
2012-05-01,110.340000,110.340000,,,6.324205,228.713000,94.018140,110.340000,0.482439,,0.482439,-72.890143,brent
2012-06-01,95.160000,95.160000,,,6.363257,228.524000,93.495340,95.160000,0.416411,,0.416411,-87.608155,brent
2012-07-01,102.620000,102.620000,,,6.371743,228.590000,93.582470,102.620000,0.448926,,0.448926,-80.089716,brent
2012-08-01,113.360000,113.360000,,,6.359278,229.918000,94.193000,113.360000,0.493045,,0.493045,-70.715413,brent
2012-09-01,112.860000,112.860000,,,6.320000,231.015000,94.482110,112.860000,0.488540,,0.488540,-71.633453,brent
2012-10-01,111.710000,111.710000,,,6.262732,231.638000,94.383380,111.710000,0.482261,,0.482261,-72.926958,brent
2012-11-01,109.060000,109.060000,,,6.233750,231.249000,94.540950,109.060000,0.471613,,0.471613,-75.159686,brent
2012-12-01,109.490000,109.490000,,,6.232815,231.221000,95.236610,109.490000,0.473530,,0.473530,-74.754074,brent
2013-01-01,112.960000,112.960000,,,6.221519,231.679000,96.188550,112.960000,0.487571,,0.487571,-71.831902,brent
2013-02-01,116.050000,116.050000,,,6.232268,232.937000,97.246270,116.050000,0.498203,,0.498203,-69.674690,brent
2013-03-01,108.470000,108.470000,,,6.215438,232.282000,96.371890,108.470000,0.466975,,0.466975,-76.147851,brent
2013-04-01,102.250000,102.250000,,,6.186109,231.797000,96.562420,102.250000,0.441119,,0.441119,-81.844119,brent
2013-05-01,102.560000,102.560000,,,6.141632,231.893000,95.984060,102.560000,0.442273,,0.442273,-81.582807,brent
2013-06-01,102.920000,102.920000,,,6.134150,232.445000,95.984060,102.920000,0.442771,,0.442771,-81.470165,brent
2013-07-01,107.930000,107.930000,,,6.134250,232.900000,96.078970,107.930000,0.463418,,0.463418,-76.912631,brent
2013-08-01,111.280000,111.280000,,,6.121264,233.456000,96.562280,111.280000,0.476664,,0.476664,-74.094407,brent
2013-09-01,111.600000,111.600000,,,6.119815,233.544000,97.331870,111.600000,0.477854,,0.477854,-73.844945,brent
2013-10-01,109.080000,109.080000,,,6.103214,233.669000,97.429600,109.080000,0.466814,,0.466814,-76.182403,brent
2013-11-01,107.790000,107.790000,,,6.092932,234.100000,97.331800,107.790000,0.460444,,0.460444,-77.556348,brent
2013-12-01,110.760000,110.760000,,,6.073800,234.719000,97.623800,110.760000,0.471883,,0.471883,-75.102336,brent
2014-01-01,108.120000,108.120000,,,6.050938,235.288000,98.600000,108.120000,0.459522,,0.459522,-77.756857,brent
2014-02-01,108.900000,108.900000,,,6.081600,235.547000,99.100000,108.900000,0.462328,,0.462328,-77.148044,brent
2014-03-01,107.480000,107.480000,,,6.172876,236.028000,98.600000,107.480000,0.455370,,0.455370,-78.664566,brent
2014-04-01,107.760000,107.760000,,,6.224614,236.468000,98.200000,107.760000,0.455706,,0.455706,-78.590636,brent
2014-05-01,109.540000,109.540000,,,6.237957,236.918000,98.300000,109.540000,0.462354,,0.462354,-77.142431,brent
2014-06-01,111.800000,111.800000,,,6.230605,237.231000,98.200000,111.800000,0.471271,,0.471271,-75.232279,brent
2014-07-01,106.770000,106.770000,,,6.198436,237.498000,98.200000,106.770000,0.449562,,0.449562,-79.948221,brent
2014-08-01,101.610000,101.610000,,,6.154129,237.460000,98.400000,101.610000,0.427904,,0.427904,-84.885723,brent
2014-09-01,97.090000,97.090000,,,6.138229,237.477000,98.900000,97.090000,0.408840,,0.408840,-89.443239,brent
2014-10-01,87.430000,87.430000,,,6.125050,237.430000,98.900000,87.430000,0.368235,,0.368235,-99.903437,brent
2014-11-01,79.440000,79.440000,,,6.124894,236.983000,98.600000,79.440000,0.335214,,0.335214,-109.298639,brent
2014-12-01,62.340000,62.340000,,,6.188629,236.252000,99.000000,62.340000,0.263871,,0.263871,-133.229576,brent
2015-01-01,47.760000,47.760000,,,6.218135,234.747000,99.300000,47.760000,0.203453,,0.203453,-159.231987,brent
2015-02-01,58.100000,58.100000,,,6.251847,235.342000,100.500000,58.100000,0.246875,,0.246875,-139.887411,brent
2015-03-01,55.890000,55.890000,,,6.238605,235.976000,99.900000,55.890000,0.236846,,0.236846,-144.034463,brent
2015-04-01,59.520000,59.520000,,,6.200995,236.222000,99.700000,59.520000,0.251966,,0.251966,-137.845965,brent
2015-05-01,64.080000,64.080000,,,6.203450,237.001000,99.500000,64.080000,0.270379,,0.270379,-130.793206,brent
2015-06-01,61.480000,61.480000,,,6.205200,237.657000,99.500000,61.480000,0.258692,,0.258692,-135.211654,brent
2015-07-01,56.560000,56.560000,,,6.208450,238.034000,99.900000,56.560000,0.237613,,0.237613,-143.711150,brent
2015-08-01,46.520000,46.520000,,,6.338252,238.033000,100.400000,46.520000,0.195435,,0.195435,-163.252699,brent
2015-09-01,47.620000,47.620000,,,6.367605,237.498000,100.500000,47.620000,0.200507,,0.200507,-160.690636,brent
2015-10-01,48.430000,48.430000,,,6.350500,237.733000,100.100000,48.430000,0.203716,,0.203716,-159.102874,brent
2015-11-01,44.270000,44.270000,,,6.364037,238.017000,100.100000,44.270000,0.185995,,0.185995,-168.203485,brent
2015-12-01,38.010000,38.010000,,,6.449095,237.761000,100.600000,38.010000,0.159866,,0.159866,-183.341668,brent
2016-01-01,30.700000,30.700000,,,6.572600,237.652000,101.100000,30.700000,0.129180,,0.129180,-204.654476,brent
2016-02-01,32.180000,32.180000,,,6.550050,237.336000,102.700000,32.180000,0.135588,,0.135588,-199.813172,brent
2016-03-01,38.210000,38.210000,,,6.502691,238.080000,102.200000,38.210000,0.160492,,0.160492,-182.950949,brent
2016-04-01,41.580000,41.580000,,,6.475433,238.992000,102.000000,41.580000,0.173981,,0.173981,-174.881080,brent
2016-05-01,46.740000,46.740000,,,6.525881,239.557000,101.600000,46.740000,0.195110,,0.195110,-163.419106,brent
2016-06-01,48.250000,48.250000,,,6.589223,240.222000,101.400000,48.250000,0.200856,,0.200856,-160.516767,brent
2016-07-01,44.950000,44.950000,,,6.677105,240.101000,101.600000,44.950000,0.187213,,0.187213,-167.550891,brent
2016-08-01,45.840000,45.840000,,,6.646574,240.545000,101.700000,45.840000,0.190567,,0.190567,-165.775011,brent
2016-09-01,46.570000,46.570000,,,6.670181,241.176000,102.400000,46.570000,0.193095,,0.193095,-164.457040,brent
2016-10-01,49.520000,49.520000,,,6.730310,241.741000,102.300000,49.520000,0.204847,,0.204847,-158.549028,brent
2016-11-01,44.730000,44.730000,,,6.840160,242.026000,102.400000,44.730000,0.184815,,0.184815,-168.840074,brent
2016-12-01,53.310000,53.310000,,,6.919752,242.637000,102.600000,53.310000,0.219711,,0.219711,-151.544257,brent
2017-01-01,54.580000,54.580000,,,6.890663,243.618000,103.700000,54.580000,0.224039,,0.224039,-149.593391,brent
2017-02-01,54.870000,54.870000,,,6.869426,244.006000,103.500000,54.870000,0.224872,,0.224872,-149.222606,brent
2017-03-01,51.590000,51.590000,,,6.894000,243.892000,103.200000,51.590000,0.211528,,0.211528,-155.339765,brent
2017-04-01,52.310000,52.310000,,,6.887555,244.193000,103.200000,52.310000,0.214216,,0.214216,-154.077134,brent
2017-05-01,50.330000,50.330000,,,6.884305,244.004000,103.300000,50.330000,0.206267,,0.206267,-157.858330,brent
2017-06-01,46.370000,46.370000,,,6.806564,244.163000,103.100000,46.370000,0.189914,,0.189914,-166.118334,brent
2017-07-01,48.480000,48.480000,,,6.769425,244.243000,103.000000,48.480000,0.198491,,0.198491,-161.701229,brent
2017-08-01,51.700000,51.700000,,,6.666996,245.183000,103.500000,51.700000,0.210863,,0.210863,-155.654709,brent
2017-09-01,56.150000,56.150000,,,6.568990,246.435000,104.100000,56.150000,0.227849,,0.227849,-147.907159,brent
2017-10-01,57.510000,57.510000,,,6.625400,246.626000,104.200000,57.510000,0.233187,,0.233187,-145.591417,brent
2017-11-01,62.710000,62.710000,,,6.620015,247.284000,104.200000,62.710000,0.253595,,0.253595,-137.201655,brent
2017-12-01,64.370000,64.370000,,,6.593195,247.805000,104.500000,64.370000,0.259761,,0.259761,-134.799446,brent
2018-01-01,69.080000,,,,6.423295,248.859000,105.200000,69.080000,,,0.277587,-128.162122,brent_bridge
2018-02-01,65.320000,,,,6.318316,249.529000,106.500000,65.320000,,,0.261773,-134.027687,brent_bridge
2018-03-01,66.020000,,420.300000,66.530870,6.317368,249.577000,105.300000,66.530870,,3.991453,3.991453,138.415532,sc
2018-04-01,72.110000,,444.200000,70.545422,6.296652,250.227000,105.100000,70.545422,,4.226451,4.226451,144.136263,sc
2018-05-01,76.980000,,472.500000,74.175083,6.370064,250.792000,104.900000,74.175083,,4.504290,4.504290,150.503023,sc
2018-06-01,74.410000,,494.800000,76.533724,6.465124,251.018000,104.900000,76.533724,,4.716873,4.716873,155.114613,sc
2018-07-01,74.250000,,513.200000,76.409440,6.716448,251.214000,105.200000,76.409440,,4.878327,4.878327,158.480233,sc
2018-08-01,72.530000,,524.000000,76.549262,6.845265,251.663000,105.900000,76.549262,,4.948064,4.948064,159.899643,sc
2018-09-01,78.890000,,563.600000,82.216350,6.855084,252.182000,106.600000,82.216350,,5.287054,5.287054,166.526127,sc
2018-10-01,81.030000,,535.100000,77.336597,6.919105,252.772000,106.800000,77.336597,,5.010300,5.010300,161.149572,sc
2018-11-01,64.750000,,418.100000,60.273834,6.936675,252.594000,106.400000,60.273834,,3.929511,3.929511,136.851506,sc
2018-12-01,57.360000,,379.100000,55.072038,6.883711,252.767000,106.500000,55.072038,,3.559624,3.559624,126.965504,sc
2019-01-01,59.410000,,431.600000,63.598299,6.786345,252.561000,107.000000,63.598299,,4.033645,4.033645,139.467040,sc
2019-02-01,63.960000,,439.700000,65.269507,6.736683,253.319000,108.100000,65.269507,,4.067530,4.067530,140.303595,sc
2019-03-01,66.140000,,457.900000,68.221677,6.711943,254.277000,107.700000,68.221677,,4.251625,4.251625,144.730124,sc
2019-04-01,71.230000,,487.700000,72.616892,6.716068,255.233000,107.800000,72.616892,,4.524119,4.524119,150.942280,sc
2019-05-01,71.320000,,447.700000,65.339931,6.851859,255.296000,107.800000,65.339931,,4.153061,4.153061,142.384571,sc
2019-06-01,64.220000,,443.500000,64.297028,6.897675,255.213000,107.700000,64.297028,,4.117920,4.117920,141.534822,sc
2019-07-01,63.920000,,446.400000,64.907564,6.877473,255.802000,108.100000,64.907564,,4.129510,4.129510,141.815869,sc
2019-08-01,59.040000,,439.500000,62.226925,7.062859,256.036000,108.900000,62.226925,,4.035813,4.035813,139.520769,sc
2019-09-01,62.830000,,447.000000,62.836278,7.113725,256.430000,109.800000,62.836278,,4.071038,4.071038,140.389807,sc
2019-10-01,59.710000,,449.300000,63.316632,7.096082,257.155000,110.800000,63.316632,,4.055054,4.055054,139.996404,sc
2019-11-01,63.210000,,463.500000,66.026631,7.019895,257.879000,111.200000,66.026631,,4.168165,4.168165,142.747600,sc
2019-12-01,67.310000,,483.500000,68.936744,7.013676,258.630000,111.200000,68.936744,,4.348022,4.348022,146.972093,sc
2020-01-01,63.650000,,447.200000,64.639668,6.918352,259.127000,112.800000,64.639668,,3.964539,3.964539,137.738958,sc
2020-02-01,55.660000,,353.500000,50.523780,6.996705,259.250000,113.700000,50.523780,,3.109059,3.109059,113.432008,sc
2020-03-01,32.010000,,265.300000,37.789600,7.020450,258.076000,112.300000,37.789600,,2.362422,2.362422,85.968740,sc
2020-04-01,18.380000,,229.000000,32.386592,7.070827,256.032000,111.300000,32.386592,,2.057502,2.057502,72.149275,sc
2020-05-01,29.380000,,275.200000,38.751885,7.101590,255.802000,110.400000,38.751885,,2.492754,2.492754,91.338797,sc
2020-06-01,40.270000,,292.400000,41.290342,7.081559,257.042000,110.400000,41.290342,,2.648551,2.648551,97.401259,sc
2020-07-01,43.240000,,286.100000,40.847424,7.004114,258.352000,110.000000,40.847424,,2.600909,2.600909,95.586103,sc
2020-08-01,44.740000,,298.000000,43.020007,6.927010,259.316000,111.500000,43.020007,,2.672646,2.672646,98.306890,sc
2020-09-01,40.910000,,254.700000,37.397612,6.810595,259.997000,111.700000,37.397612,,2.280215,2.280215,82.426968,sc
2020-10-01,40.190000,,223.700000,33.261844,6.725424,260.319000,111.400000,33.261844,,2.008079,2.008079,69.717854,sc
2020-11-01,42.690000,,281.600000,42.648250,6.602850,260.911000,110.700000,42.648250,,2.543812,2.543812,93.366378,sc
2020-12-01,49.990000,,301.700000,46.136470,6.539295,262.045000,111.500000,46.136470,,2.705830,2.705830,99.540856,sc
2021-01-01,54.770000,,335.000000,51.800030,6.467178,262.687000,112.550000,51.800030,,2.976455,2.976455,109.073296,sc
2021-02-01,62.280000,,405.900000,62.832254,6.460058,263.579000,113.219300,62.832254,,3.585078,3.585078,127.678018,sc
2021-03-01,65.410000,,399.700000,61.389731,6.510861,264.961000,112.661500,61.389731,,3.547796,3.547796,126.632652,sc
2021-04-01,64.810000,,420.100000,64.445949,6.518641,266.614000,112.326900,64.445949,,3.739977,3.739977,131.907941,sc
2021-05-01,68.530000,,428.800000,66.666148,6.432050,268.383000,112.215400,66.666148,,3.821222,3.821222,134.057037,sc
2021-06-01,73.160000,,459.000000,71.439335,6.425032,270.654000,111.769200,71.439335,,4.106677,4.106677,141.261418,sc
2021-07-01,75.170000,,452.200000,69.824281,6.476257,271.903000,112.103800,69.824281,,4.033762,4.033762,139.469933,sc
2021-08-01,70.750000,,440.800000,68.058396,6.476791,272.676000,112.215400,68.058396,,3.928160,3.928160,136.817102,sc
2021-09-01,74.490000,,494.600000,76.607345,6.456300,273.910000,112.215400,76.607345,,4.407595,4.407595,148.332912,sc
2021-10-01,83.540000,,525.500000,81.889170,6.417210,276.550000,112.996200,81.889170,,4.650599,4.650599,153.699600,sc
2021-11-01,81.050000,,447.800000,70.089984,6.388930,278.919000,113.442400,70.089984,,3.947378,3.947378,137.305149,sc
2021-12-01,74.170000,,499.000000,78.344735,6.369286,280.845000,113.107700,78.344735,,4.411724,4.411724,148.426563,sc
2022-01-01,86.510000,,534.500000,84.099459,6.355570,282.543000,113.665500,84.099459,,4.702394,4.702394,154.807181,sc
2022-02-01,97.130000,,621.200000,97.926199,6.343553,284.500000,114.334700,97.926199,,5.433171,5.433171,169.252298,sc
2022-03-01,117.250000,,675.100000,106.406249,6.344552,287.674000,114.334700,106.406249,,5.904594,5.904594,177.573072,sc
2022-04-01,104.580000,,673.400000,104.711553,6.431000,288.561000,114.780900,104.711553,,5.866830,5.866830,176.931441,sc
2022-05-01,113.340000,,757.200000,113.032519,6.698957,291.298000,114.557800,113.032519,,6.609764,6.609764,188.854792,sc
2022-06-01,122.710000,,720.600000,107.629499,6.695190,294.957000,114.557800,107.629499,,6.290274,6.290274,183.900470,sc
2022-07-01,111.930000,,686.600000,101.942717,6.735155,294.913000,115.115600,101.942717,,5.964439,5.964439,178.581504,sc
2022-08-01,100.450000,,716.500000,105.357138,6.800678,295.097000,115.004000,105.357138,,6.230218,6.230218,182.941134,sc
2022-09-01,89.760000,,634.400000,90.376624,7.019514,296.349000,115.338700,90.376624,,5.500322,5.500322,170.480665,sc
2022-10-01,93.330000,,679.800000,94.545551,7.190185,298.007000,115.450200,94.545551,,5.888253,5.888253,177.295937,sc
2022-11-01,91.420000,,570.600000,79.457694,7.181180,298.786000,115.227100,79.457694,,4.951960,4.951960,159.978348,sc
2022-12-01,80.920000,,562.800000,80.726420,6.971695,298.832000,115.115600,80.726420,,4.888999,4.888999,158.698748,sc
2023-01-01,82.500000,,540.500000,79.597609,6.790405,300.420000,116.007900,79.597609,,4.659165,4.659165,153.883634,sc
2023-02-01,82.590000,,548.200000,80.169147,6.838042,301.450000,115.450200,80.169147,,4.748368,4.748368,155.780092,sc
2023-03-01,78.430000,,527.400000,76.535383,6.890930,301.821000,115.115600,76.535383,,4.581482,4.581482,152.202243,sc
2023-04-01,84.640000,,531.700000,77.197094,6.887565,302.845000,114.892500,77.197094,,4.627804,4.627804,153.208251,sc
2023-05-01,75.470000,,503.900000,72.136592,6.985359,303.334000,114.780900,72.136592,,4.390103,4.390103,147.935274,sc
2023-06-01,74.840000,,546.100000,76.256394,7.161367,304.014000,114.557800,76.256394,,4.767026,4.767026,156.172261,sc
2023-07-01,80.110000,,610.800000,84.995356,7.186275,304.609000,114.780900,84.995356,,5.321443,5.321443,167.174448,sc
2023-08-01,86.150000,,643.400000,88.761702,7.248622,306.082000,115.115600,88.761702,,5.589164,5.589164,172.082977,sc
2023-09-01,93.720000,,717.000000,98.246903,7.297940,307.276000,115.338700,98.246903,,6.216474,6.216474,182.720282,sc
2023-10-01,90.600000,,653.800000,89.474504,7.307110,307.696000,115.227100,89.474504,,5.674012,5.674012,173.589653,sc
2023-11-01,82.940000,,589.400000,81.605075,7.222590,308.148000,114.669400,81.605075,,5.139994,5.139994,163.705186,sc
2023-12-01,77.630000,,542.700000,76.006168,7.140210,308.741000,114.780900,76.006168,,4.728139,4.728139,155.353159,sc
2024-01-01,80.120000,,585.300000,81.623776,7.170705,309.698000,115.004000,81.623776,,5.089388,5.089388,162.715763,sc
2024-02-01,83.480000,,606.000000,84.242836,7.193490,310.967000,116.231000,84.242836,,5.213755,5.213755,165.130040,sc
2024-03-01,85.410000,,645.500000,89.634282,7.201486,312.345000,115.227100,89.634282,,5.601981,5.601981,172.312025,sc
2024-04-01,89.940000,,645.800000,89.230547,7.237432,313.023000,115.115600,89.230547,,5.610013,5.610013,172.455302,sc
2024-05-01,81.750000,,602.800000,83.343546,7.232714,313.175000,115.115600,83.343546,,5.236475,5.236475,165.564863,sc
2024-06-01,82.250000,,628.300000,86.605359,7.254747,313.044000,114.780900,86.605359,,5.473907,5.473907,169.999267,sc
2024-07-01,85.150000,,580.400000,79.934594,7.260936,313.569000,115.338700,79.934594,,5.032136,5.032136,161.584450,sc
2024-08-01,80.360000,,558.900000,78.195322,7.147486,314.062000,115.784800,78.195322,,4.827058,4.827058,157.423727,sc
2024-09-01,74.020000,,543.500000,76.808932,7.076000,314.732000,115.784800,76.808932,,4.694053,4.694053,154.629641,sc
2024-10-01,75.630000,,523.600000,73.870100,7.088118,315.631000,115.561700,73.870100,,4.530913,4.530913,151.092345,sc
2024-11-01,74.350000,,530.400000,73.602426,7.206284,316.528000,114.892500,73.602426,,4.616489,4.616489,152.963453,sc
2024-12-01,73.860000,,559.900000,76.901997,7.280695,317.604000,114.892500,76.901997,,4.873251,4.873251,158.376129,sc
2025-01-01,79.270000,,602.400000,82.569185,7.295700,318.961000,115.561700,82.569185,,5.212800,5.212800,165.111709,sc
2025-02-01,75.440000,,540.000000,74.242810,7.273432,319.679000,115.338700,74.242810,,4.681863,4.681863,154.369612,sc
2025-03-01,72.730000,,537.500000,74.145577,7.249252,319.785000,115.115600,74.145577,,4.669219,4.669219,154.099192,sc
2025-04-01,68.130000,,471.100000,64.562709,7.296782,320.302000,115.029700,64.562709,,4.095464,4.095464,140.988003,sc
2025-05-01,64.450000,,447.900000,62.065607,7.216557,320.620000,115.029700,62.065607,,3.893777,3.893777,135.937964,sc
2025-06-01,71.440000,,496.700000,69.174901,7.180350,321.435000,115.029700,69.174901,,4.318015,4.318015,146.279587,sc
2025-07-01,71.040000,,531.300000,74.058211,7.174086,322.169000,115.029700,74.058211,,4.618807,4.618807,153.013648,sc
2025-08-01,67.870000,,485.200000,67.645423,7.172695,323.291000,115.029700,67.645423,,4.218041,4.218041,143.937082,sc
2025-09-01,67.990000,,479.700000,67.340898,7.123457,324.245000,115.029700,67.340898,,4.170227,4.170227,142.797055,sc
2025-10-01,64.540000,,458.700000,64.424445,7.119968,324.245000,115.029700,64.424445,,3.987666,3.987666,138.320605,sc
2025-11-01,63.800000,,453.900000,63.867659,7.106883,325.063000,115.029700,63.867659,,3.945937,3.945937,137.268655,sc
2025-12-01,62.540000,,432.200000,61.364153,7.043200,326.031000,115.029700,61.364153,,3.757291,3.757291,132.369809,sc
