date,sc_cny_bbl,brent_usd_bbl,dubai_usd_bbl,cny_usd,sc_usd_bbl,basis_sc_minus_brent_usd,basis_sc_minus_dubai_usd,basis_sc_minus_brent_pct
2023-05-10,519.4000,76.5600,74.7891,6.9321,74.9268,-1.6332,0.1377,-2.1332
2023-05-11,513.0000,75.4000,74.7891,6.9480,73.8342,-1.5658,-0.9549,-2.0767
2023-05-12,494.8000,74.1700,74.7891,6.9575,71.1175,-3.0525,-3.6716,-4.1155
2023-05-15,494.4000,75.5300,74.7891,6.9520,71.1162,-4.4138,-3.6729,-5.8437
2023-05-16,503.6000,74.7100,74.7891,6.9751,72.1997,-2.5103,-2.5894,-3.3601
2023-05-17,498.0000,76.7500,74.7891,6.9981,71.1622,-5.5878,-3.6270,-7.2806
2023-05-18,518.0000,75.9500,74.7891,7.0355,73.6266,-2.3234,-1.1625,-3.0591
2023-05-19,523.9000,75.5900,74.7891,7.0060,74.7788,-0.8112,-0.0104,-1.0732
2023-05-22,507.0000,75.9700,74.7891,7.0351,72.0672,-3.9028,-2.7219,-5.1373
2023-05-23,515.5000,77.4900,74.7891,7.0490,73.1309,-4.3591,-1.6582,-5.6253
2023-05-24,527.0000,78.2300,74.7891,7.0585,74.6618,-3.5682,-0.1274,-4.5612
2023-05-25,531.5000,76.1400,74.7891,7.0775,75.0971,-1.0429,0.3080,-1.3697
2023-05-26,521.9000,77.1700,74.7891,7.0630,73.8921,-3.2779,-0.8970,-4.2476
2023-05-29,532.1000,77.0900,74.7891,7.0630,75.3363,-1.7537,0.5471,-2.2749
2023-05-30,529.7000,73.8400,74.7891,7.0792,74.8248,0.9848,0.0357,1.3337
2023-05-31,503.9000,72.1300,74.7891,7.1100,70.8720,-1.2580,-3.9171,-1.7441
2023-06-01,505.9000,74.2900,74.7295,7.0934,71.3198,-2.9702,-3.4097,-3.9981
2023-06-02,518.3000,76.2000,74.7295,7.0827,73.1783,-3.0217,-1.5512,-3.9655
2023-06-05,527.8000,76.5800,74.7295,7.1050,74.2857,-2.2943,-0.4438,-2.9959
2023-06-06,525.0000,76.1200,74.7295,7.1190,73.7463,-2.3737,-0.9832,-3.1183
2023-06-07,523.7000,76.7600,74.7295,7.1287,73.4636,-3.2964,-1.2659,-4.2944
2023-06-08,535.6000,75.5200,74.7295,7.1109,75.3210,-0.1990,0.5914,-0.2635
2023-06-09,525.5000,75.0000,74.7295,7.1273,73.7306,-1.2694,-0.9990,-1.6926
2023-06-12,514.5000,72.1000,74.7295,7.1437,72.0215,-0.0785,-2.7080,-0.1089
2023-06-13,507.9000,74.2100,74.7295,7.1585,70.9506,-3.2594,-3.7789,-4.3921
2023-06-14,524.4000,73.6100,74.7295,7.1480,73.3632,-0.2468,-1.3664,-0.3353
2023-06-15,516.0000,75.6300,74.7295,7.1300,72.3703,-3.2597,-2.3593,-4.3101
2023-06-16,531.1000,76.2600,74.7295,7.1250,74.5404,-1.7196,-0.1892,-2.2550
2023-06-19,529.9000,76.1100,74.7295,7.1250,74.3719,-1.7381,-0.3576,-2.2836
2023-06-20,534.8000,75.4700,74.7295,7.1811,74.4733,-0.9967,-0.2563,-1.3207
2023-06-21,551.2000,76.9700,74.7295,7.1779,76.7913,-0.1787,2.0617,-0.2322
2023-06-26,543.3000,74.5200,74.7295,7.2364,75.0788,0.5588,0.3492,0.7498
2023-06-27,543.2000,72.8100,74.7295,7.2193,75.2428,2.4328,0.5132,3.3412
2023-06-28,534.0000,73.8300,74.7295,7.2436,73.7202,-0.1098,-1.0093,-0.1487
2023-06-29,542.6000,74.3400,74.7295,7.2515,74.8259,0.4859,0.0964,0.6536
2023-06-30,546.1000,75.1900,74.7295,7.2513,75.3106,0.1206,0.5811,0.1604
2023-07-03,550.6000,74.8900,80.6457,7.2400,76.0497,1.1597,-4.5960,1.5486
2023-07-04,549.0000,76.1000,80.6457,7.2400,75.8287,-0.2713,-4.8170,-0.3565
2023-07-05,553.0000,76.4700,80.6457,7.2465,76.3127,-0.1573,-4.3330,-0.2057
2023-07-06,557.9000,76.4800,80.6457,7.2500,76.9517,0.4717,-3.6940,0.6168
2023-07-07,560.8000,78.1700,80.6457,7.2205,77.6678,-0.5022,-2.9780,-0.6425
2023-07-10,567.2000,77.8000,80.6457,7.2315,78.4346,0.6346,-2.2111,0.8157
2023-07-11,567.6000,79.3300,80.6457,7.2090,78.7349,-0.5951,-1.9108,-0.7501
2023-07-12,574.3000,80.1400,80.6457,7.1656,80.1468,0.0068,-0.4989,0.0085
2023-07-13,580.0000,81.5200,80.6457,7.1500,81.1189,-0.4011,0.4732,-0.4920
2023-07-14,586.5000,79.6200,80.6457,7.1403,82.1394,2.5194,1.4937,3.1643
2023-07-17,576.7000,78.5400,80.6457,7.1711,80.4200,1.8800,-0.2257,2.3937
2023-07-18,573.6000,79.8200,80.6457,7.1786,79.9042,0.0842,-0.7416,0.1054
2023-07-19,584.0000,79.5400,80.6457,7.2260,80.8193,1.2793,0.1735,1.6083
2023-07-20,583.7000,79.5400,80.6457,7.1761,81.3394,1.7994,0.6937,2.2623
2023-07-21,588.8000,80.8600,80.6457,7.1861,81.9360,1.0760,1.2902,1.3306
2023-07-24,589.6000,82.4900,80.6457,7.1855,82.0541,-0.4359,1.4084,-0.5284
2023-07-25,601.5000,82.8400,80.6457,7.1340,84.3146,1.4746,3.6688,1.7800
2023-07-26,602.7000,82.7100,80.6457,7.1503,84.2902,1.5802,3.6445,1.9105
2023-07-27,603.2000,83.3300,80.6457,7.1730,84.0931,0.7631,3.4474,0.9158
2023-07-28,607.4000,84.3200,80.6457,7.1488,84.9653,0.6453,4.3196,0.7653
2023-07-31,610.8000,85.2500,80.6457,7.1426,85.5151,0.2651,4.8694,0.3109
2023-08-01,619.5000,85.7300,86.1230,7.1775,86.3114,0.5814,0.1883,0.6782
2023-08-02,625.0000,83.3500,86.1230,7.1920,86.9021,3.5521,0.7791,4.2617
2023-08-03,605.5000,85.2100,86.1230,7.1651,84.5068,-0.7032,-1.6162,-0.8252
2023-08-04,622.1000,86.0200,86.1230,7.1709,86.7534,0.7334,0.6304,0.8526
2023-08-07,628.7000,85.8700,86.1230,7.1895,87.4470,1.5770,1.3239,1.8365
2023-08-08,621.4000,86.1500,86.1230,7.2160,86.1142,-0.0358,-0.0089,-0.0416
2023-08-09,631.3000,87.4300,86.1230,7.2085,87.5772,0.1472,1.4541,0.1683
2023-08-10,640.2000,86.2800,86.1230,7.2165,88.7134,2.4334,2.5903,2.8203
2023-08-11,642.2000,86.7000,86.1230,7.2367,88.7421,2.0421,2.6191,2.3554
2023-08-14,656.7000,86.1900,86.1230,7.2585,90.4732,4.2832,4.3502,4.9695
2023-08-15,662.9000,85.0400,86.1230,7.2817,91.0364,5.9964,4.9134,7.0513
2023-08-16,654.2000,83.3700,86.1230,7.2985,89.6349,6.2649,3.5118,7.5145
2023-08-17,654.4000,83.8700,86.1230,7.2910,89.7545,5.8845,3.6314,7.0162
2023-08-18,638.7000,84.8300,86.1230,7.2800,87.7335,2.9035,1.6105,3.4227
2023-08-21,652.9000,84.5500,86.1230,7.2865,89.6041,5.0541,3.4810,5.9776
2023-08-22,640.1000,83.8600,86.1230,7.2930,87.7691,3.9091,1.6461,4.6615
2023-08-23,633.1000,83.0400,86.1230,7.2771,86.9989,3.9589,0.8759,4.7675
2023-08-24,623.1000,82.7400,86.1230,7.2786,85.6071,2.8671,-0.5159,3.4652
2023-08-25,632.1000,84.2300,86.1230,7.2890,86.7197,2.4897,0.5967,2.9559
2023-08-28,637.1000,83.8000,86.1230,7.2900,87.3937,3.5937,1.2706,4.2884
2023-08-29,633.8000,84.8900,86.1230,7.2796,87.0652,2.1752,0.9422,2.5624
2023-08-30,644.5000,85.2900,86.1230,7.2839,88.4828,3.1928,2.3598,3.7435
2023-08-31,643.4000,86.8200,86.1230,7.2582,88.6446,1.8246,2.5215,2.1016
2023-09-01,654.1000,88.8500,93.2386,7.2606,90.0890,1.2390,-3.1496,1.3945
2023-09-04,664.8000,88.9800,93.2386,7.2606,91.5627,2.5827,-1.6759,2.9025
2023-09-05,670.2000,90.0400,93.2386,7.3018,91.7856,1.7456,-1.4530,1.9387
2023-09-06,686.6000,90.6100,93.2386,7.3160,93.8491,3.2391,0.6105,3.5748
2023-09-07,691.7000,89.7500,93.2386,7.3287,94.3824,4.6324,1.1438,5.1614
2023-09-08,690.6000,90.4300,93.2386,7.3430,94.0488,3.6188,0.8102,4.0017
2023-09-11,686.4000,90.6200,93.2386,7.2882,94.1796,3.5596,0.9411,3.9281
2023-09-12,696.4000,91.9500,93.2386,7.2911,95.5137,3.5637,2.2751,3.8757
2023-09-13,707.9000,92.1600,93.2386,7.2700,97.3728,5.2128,4.1342,5.6562
2023-09-14,728.3000,94.1200,93.2386,7.2770,100.0825,5.9625,6.8439,6.3349
2023-09-15,735.8000,94.0200,93.2386,7.2744,101.1492,7.1292,7.9107,7.5827
2023-09-18,743.7000,93.3600,93.2386,7.2915,101.9955,8.6355,8.7569,9.2497
2023-09-19,699.6000,93.1700,93.2386,7.2964,95.8829,2.7129,2.6443,2.9118
2023-09-20,690.7000,92.0200,93.2386,7.2870,94.7852,2.7652,1.5467,3.0050
2023-09-21,685.2000,92.1700,93.2386,7.3066,93.7782,1.6082,0.5397,1.7448
2023-09-22,695.7000,92.3900,93.2386,7.2980,95.3275,2.9375,2.0889,3.1794
2023-09-25,692.2000,91.9200,93.2386,7.3110,94.6793,2.7593,1.4407,3.0018
2023-09-26,682.3000,92.5000,93.2386,7.3100,93.3379,0.8379,0.0993,0.9058
2023-09-27,701.3000,94.4200,93.2386,7.3105,95.9305,1.5105,2.6919,1.5998
2023-09-28,717.0000,93.1300,93.2386,7.3010,98.2057,5.0757,4.9672,5.4502
2023-10-09,656.8000,88.2200,88.7877,7.2960,90.0219,1.8019,1.2342,2.0425
2023-10-10,657.2000,87.6400,88.7877,7.2948,90.0916,2.4516,1.3038,2.7973
2023-10-11,662.4000,85.5200,88.7877,7.2992,90.7497,5.2297,1.9619,6.1151
2023-10-12,648.4000,86.2800,88.7877,7.3019,88.7988,2.5188,0.0111,2.9193
2023-10-13,656.7000,90.7900,88.7877,7.3049,89.8986,-0.8914,1.1108,-0.9819
2023-10-16,678.3000,90.1500,88.7877,7.3105,92.7844,2.6344,3.9966,2.9222
2023-10-17,674.2000,90.8300,88.7877,7.3105,92.2235,1.3935,3.4358,1.5342
2023-10-18,688.1000,91.3600,88.7877,7.3161,94.0528,2.6928,5.2651,2.9475
2023-10-19,683.4000,93.0300,88.7877,7.3126,93.4551,0.4251,4.6674,0.4570
2023-10-20,695.8000,92.4300,88.7877,7.3155,95.1131,2.6831,6.3254,2.9029
2023-10-23,685.6000,90.4900,88.7877,7.3158,93.7150,3.2250,4.9272,3.5639
2023-10-24,677.2000,87.2100,88.7877,7.3090,92.6529,5.4429,3.8652,6.2411
2023-10-25,661.4000,89.0900,88.7877,7.3165,90.3984,1.3084,1.6107,1.4686
2023-10-26,668.4000,87.2400,88.7877,7.3150,91.3739,4.1339,2.5862,4.7385
2023-10-27,670.0000,89.1200,88.7877,7.3171,91.5663,2.4463,2.7786,2.7450
2023-10-30,667.2000,86.5700,88.7877,7.3133,91.2310,4.6610,2.4433,5.3841
2023-10-31,653.8000,85.5400,88.7877,7.3166,89.3584,3.8184,0.5707,4.4639
2023-11-01,646.5000,84.8600,82.6409,7.3175,88.3498,3.4898,5.7089,4.1125
2023-11-02,649.0000,86.9200,82.6409,7.3160,88.7097,1.7897,6.0688,2.0590
2023-11-03,656.8000,85.1700,82.6409,7.3005,89.9664,4.7964,7.3255,5.6316
2023-11-06,645.8000,85.2000,82.6409,7.2695,88.8369,3.6369,6.1960,4.2687
2023-11-07,623.0000,81.4100,82.6409,7.2788,85.5910,4.1810,2.9501,5.1358
2023-11-08,607.9000,79.6500,82.6409,7.2800,83.5027,3.8527,0.8618,4.8371
2023-11-09,594.6000,79.8500,82.6409,7.2835,81.6366,1.7866,-1.0043,2.2374
2023-11-10,596.6000,81.5800,82.6409,7.2835,81.9112,0.3312,-0.7297,0.4059
2023-11-13,594.7000,82.6900,82.6409,7.2890,81.5887,-1.1013,-1.0522,-1.3318
2023-11-14,604.7000,82.3700,82.6409,7.2530,83.3724,1.0024,0.7315,1.2169
2023-11-15,603.1000,81.0700,82.6409,7.2466,83.2252,2.1552,0.5843,2.6585
2023-11-16,588.6000,77.4400,82.6409,7.2416,81.2804,3.8404,-1.3605,4.9592
2023-11-17,562.2000,80.5200,82.6409,7.2120,77.9534,-2.5666,-4.6875,-3.1875
2023-11-20,586.7000,82.0300,82.6409,7.1680,81.8499,-0.1801,-0.7910,-0.2196
2023-11-21,587.5000,82.4400,82.6409,7.1352,82.3383,-0.1017,-0.3026,-0.1234
2023-11-22,591.2000,81.5600,82.6409,7.1550,82.6275,1.0675,-0.0134,1.3089
2023-11-23,579.0000,81.0800,82.6409,7.1550,80.9224,-0.1576,-1.7185,-0.1943
2023-11-24,583.6000,80.1300,82.6409,7.1488,81.6361,1.5061,-1.0048,1.8795
2023-11-27,571.5000,80.0100,82.6409,7.1528,79.8988,-0.1112,-2.7421,-0.1390
2023-11-28,571.2000,81.4300,82.6409,7.1380,80.0224,-1.4076,-2.6185,-1.7286
2023-11-29,578.6000,82.6500,82.6409,7.1300,81.1501,-1.4999,-1.4908,-1.8148
2023-11-30,589.4000,80.3700,82.6409,7.1360,82.5953,2.2253,-0.0456,2.7688
2023-12-01,569.7000,79.3000,77.5695,7.1386,79.8056,0.5056,2.2360,0.6375
2023-12-04,553.2000,78.2200,77.5695,7.1424,77.4530,-0.7670,-0.1166,-0.9806
2023-12-05,555.1000,77.0100,77.5695,7.1444,77.6972,0.6872,0.1277,0.8924
2023-12-06,554.1000,74.2300,77.5695,7.1580,77.4099,3.1799,-0.1596,4.2838
2023-12-07,535.4000,74.5400,77.5695,7.1515,74.8654,0.3254,-2.7041,0.4366
2023-12-08,548.5000,75.6400,77.5695,7.1645,76.5580,0.9180,-1.0115,1.2137
2023-12-11,556.1000,76.0700,77.5695,7.1765,77.4890,1.4190,-0.0805,1.8654
2023-12-12,554.6000,73.3200,77.5695,7.1755,77.2908,3.9708,-0.2787,5.4157
2023-12-13,521.1000,74.6000,77.5695,7.1725,72.6525,-1.9475,-4.9170,-2.6106
2023-12-14,529.6000,76.6400,77.5695,7.1088,74.4992,-2.1408,-3.0703,-2.7933
2023-12-15,543.9000,76.9100,77.5695,7.1179,76.4130,-0.4970,-1.1565,-0.6462
2023-12-18,552.1000,78.1700,77.5695,7.1297,77.4366,-0.7334,-0.1329,-0.9382
2023-12-19,555.8000,79.4000,77.5695,7.1287,77.9665,-1.4335,0.3970,-1.8054
2023-12-20,563.0000,79.1200,77.5695,7.1355,78.9013,-0.2187,1.3317,-0.2765
2023-12-21,565.0000,79.1200,77.5695,7.1381,79.1527,0.0327,1.5832,0.0413
2023-12-22,566.6000,78.8900,77.5695,7.1315,79.4503,0.5603,1.8808,0.7103
2023-12-25,553.7000,78.8900,77.5695,7.1315,77.6414,-1.2486,0.0719,-1.5826
2023-12-26,558.9000,80.7000,77.5695,7.1432,78.2422,-2.4578,0.6727,-3.0455
2023-12-27,574.8000,79.3100,77.5695,7.1405,80.4986,1.1886,2.9290,1.4986
2023-12-28,564.3000,77.4700,77.5695,7.1065,79.4062,1.9362,1.8367,2.4993
2023-12-29,542.7000,77.0500,77.5695,7.0999,76.4377,-0.6123,-1.1318,-0.7947
2024-01-02,555.7000,76.0400,79.5822,7.1426,77.8008,1.7608,-1.7814,2.3156
2024-01-03,538.6000,78.4400,79.5822,7.1497,75.3318,-3.1082,-4.2503,-3.9625
2024-01-04,560.1000,77.7400,79.5822,7.1589,78.2383,0.4983,-1.3439,0.6410
2024-01-05,552.7000,78.8900,79.5822,7.1450,77.3548,-1.5352,-2.2274,-1.9460
2024-01-08,550.2000,76.2200,79.5822,7.1540,76.9080,0.6880,-2.6742,0.9027
2024-01-09,540.0000,77.4900,79.5822,7.1675,75.3401,-2.1499,-4.2421,-2.7745
2024-01-10,558.1000,76.7700,79.5822,7.1711,77.8263,1.0563,-1.7559,1.3759
2024-01-11,556.7000,78.4800,79.5822,7.1670,77.6755,-0.8045,-1.9067,-1.0252
2024-01-12,570.0000,78.3200,79.5822,7.1665,79.5367,1.2167,-0.0454,1.5535
2024-01-15,555.6000,78.7400,79.5822,7.1665,77.5274,-1.2126,-2.0548,-1.5400
2024-01-16,556.1000,77.9300,79.5822,7.1874,77.3715,-0.5585,-2.2107,-0.7167
2024-01-17,552.5000,78.1000,79.5822,7.1960,76.7788,-1.3212,-2.8034,-1.6917
2024-01-18,555.8000,78.9300,79.5822,7.1961,77.2363,-1.6937,-2.3459,-2.1458
2024-01-19,566.3000,78.5700,79.5822,7.1931,78.7282,0.1582,-0.8539,0.2014
2024-01-22,559.9000,79.8700,79.5822,7.1920,77.8504,-2.0196,-1.7318,-2.5286
2024-01-23,570.9000,79.7100,79.5822,7.1720,79.6012,-0.1088,0.0191,-0.1365
2024-01-24,569.6000,79.8100,79.5822,7.1580,79.5753,-0.2347,-0.0069,-0.2941
2024-01-25,572.4000,81.8000,79.5822,7.1690,79.8438,-1.9562,0.2616,-2.3915
2024-01-26,588.4000,82.9900,79.5822,7.1763,81.9921,-0.9979,2.4099,-1.2024
2024-01-29,596.5000,81.9600,79.5822,7.1798,83.0803,1.1203,3.4981,1.3669
2024-01-30,586.1000,82.4000,79.5822,7.1755,81.6807,-0.7193,2.0985,-0.8729
2024-01-31,585.3000,80.7200,79.5822,7.1673,81.6626,0.9426,2.0804,1.1677
2024-02-01,575.7000,78.8300,82.8090,7.1799,80.1822,1.3522,-2.6269,1.7153
2024-02-02,562.7000,77.4000,82.8090,7.1920,78.2397,0.8397,-4.5693,1.0849
2024-02-05,556.1000,77.9200,82.8090,7.1982,77.2554,-0.6646,-5.5536,-0.8529
2024-02-06,559.5000,78.7600,82.8090,7.1908,77.8078,-0.9522,-5.0013,-1.2090
2024-02-07,561.8000,79.4100,82.8090,7.1943,78.0896,-1.3204,-4.7194,-1.6628
2024-02-08,572.4000,81.7600,82.8090,7.1965,79.5387,-2.2213,-3.2704,-2.7169
2024-02-19,595.0000,83.3700,82.8090,7.1928,82.7216,-0.6484,-0.0874,-0.7777
2024-02-20,603.8000,82.5300,82.8090,7.1905,83.9719,1.4419,1.1629,1.7471
2024-02-21,595.6000,82.2000,82.8090,7.1891,82.8476,0.6476,0.0386,0.7879
2024-02-22,601.1000,82.4600,82.8090,7.1944,83.5511,1.0911,0.7420,1.3232
2024-02-23,603.7000,80.7600,82.8090,7.1970,83.8822,3.1222,1.0731,3.8660
2024-02-26,593.4000,81.7300,82.8090,7.1972,82.4487,0.7187,-0.3603,0.8794
2024-02-27,602.1000,82.2400,82.8090,7.1977,83.6517,1.4117,0.8427,1.7166
2024-02-28,606.8000,81.8700,82.8090,7.1976,84.3059,2.4359,1.4968,2.9753
2024-02-29,606.0000,82.0100,82.8090,7.1977,84.1936,2.1836,1.3845,2.6626
2024-03-01,606.1000,83.4400,86.6338,7.1960,84.2273,0.7873,-2.4065,0.9436
2024-03-04,619.0000,82.8000,86.6338,7.1987,85.9877,3.1877,-0.6461,3.8499
2024-03-05,610.2000,82.0400,86.6338,7.1965,84.7912,2.7512,-1.8426,3.3535
2024-03-06,609.2000,82.8900,86.6338,7.1977,84.6381,1.7481,-1.9957,2.1090
2024-03-07,613.3000,83.3400,86.6338,7.1925,85.2694,1.9294,-1.3644,2.3151
2024-03-08,617.8000,82.0600,86.6338,7.1855,85.9787,3.9187,-0.6551,4.7754
2024-03-11,608.4000,82.4400,86.6338,7.1820,84.7118,2.2718,-1.9220,2.7557
2024-03-12,621.6000,82.3500,86.6338,7.1804,86.5690,4.2190,-0.0648,5.1232
2024-03-13,622.2000,83.9300,86.6338,7.1875,86.5670,2.6370,-0.0669,3.1419
2024-03-14,631.9000,85.0900,86.6338,7.1932,87.8469,2.7569,1.2130,3.2399
2024-03-15,644.6000,85.3400,86.6338,7.1953,89.5863,4.2463,2.9524,4.9757
2024-03-18,631.7000,86.8800,86.6338,7.1981,87.7593,0.8793,1.1255,1.0121
2024-03-19,634.5000,86.4900,86.6338,7.1991,88.1360,1.6460,1.5022,1.9031
2024-03-20,637.2000,85.5800,86.6338,7.1992,88.5098,2.9298,1.8760,3.4235
2024-03-21,633.3000,85.0500,86.6338,7.1993,87.9669,2.9169,1.3331,3.4296
2024-03-22,627.4000,84.9100,86.6338,7.2289,86.7905,1.8805,0.1567,2.2147
2024-03-25,629.0000,86.0500,86.6338,7.2102,87.2375,1.1875,0.6037,1.3800
2024-03-26,634.3000,85.2700,86.6338,7.2176,87.8824,2.6124,1.2486,3.0637
2024-03-27,626.9000,85.6400,86.6338,7.2270,86.7442,1.1042,0.1103,1.2893
2024-03-28,634.8000,87.0000,86.6338,7.2262,87.8470,0.8470,1.2132,0.9736
2024-03-29,645.5000,87.0000,86.6338,7.2203,89.4007,2.4007,2.7669,2.7594
2024-04-01,645.9000,87.8200,90.8695,7.2308,89.3262,1.5062,-1.5433,1.7151
2024-04-02,650.3000,89.2400,90.8695,7.2320,89.9198,0.6798,-0.9497,0.7618
2024-04-03,660.9000,89.5100,90.8695,7.2330,91.3729,1.8629,0.5033,2.0812
2024-04-08,660.7000,90.5800,90.8695,7.2305,91.3768,0.7968,0.5073,0.8797
2024-04-09,667.3000,89.5800,90.8695,7.2316,92.2756,2.6956,1.4060,3.0091
2024-04-10,662.5000,90.6500,90.8695,7.2341,91.5802,0.9302,0.7106,1.0261
2024-04-11,668.5000,90.1900,90.8695,7.2373,92.3687,2.1787,1.4992,2.4157
2024-04-12,669.7000,90.1400,90.8695,7.2374,92.5332,2.3932,1.6637,2.6550
2024-04-15,663.5000,90.3900,90.8695,7.2382,91.6664,1.2764,0.7969,1.4121
2024-04-16,667.4000,90.1000,90.8695,7.2383,92.2040,2.1040,1.3344,2.3352
2024-04-17,661.6000,87.4100,90.8695,7.2389,91.3951,3.9851,0.5256,4.5591
2024-04-18,642.4000,86.9000,90.8695,7.2382,88.7513,1.8513,-2.1182,2.1304
2024-04-19,651.7000,87.3700,90.8695,7.2403,90.0101,2.6401,-0.8595,3.0217
2024-04-22,633.2000,87.1600,90.8695,7.2403,87.4549,0.2949,-3.4146,0.3384
2024-04-23,637.8000,87.3800,90.8695,7.2445,88.0392,0.6592,-2.8303,0.7544
2024-04-24,651.2000,87.0800,90.8695,7.2460,89.8703,2.7903,-0.9993,3.2043
2024-04-25,650.3000,88.0200,90.8695,7.2460,89.7461,1.7261,-1.1235,1.9610
2024-04-26,653.3000,88.0400,90.8695,7.2464,90.1551,2.1151,-0.7144,2.4024
2024-04-29,647.9000,87.2800,90.8695,7.2318,89.5904,2.3104,-1.2791,2.6471
2024-04-30,645.8000,85.9200,90.8695,7.2401,89.1977,3.2777,-1.6719,3.8148
2024-05-06,619.4000,83.5900,84.6661,7.2071,85.9430,2.3530,1.2769,2.8150
2024-05-07,617.8000,82.9700,84.6661,7.2185,85.5856,2.6156,0.9196,3.1525
2024-05-08,611.3000,83.7200,84.6661,7.2185,84.6852,0.9652,0.0191,1.1529
2024-05-09,617.0000,84.1000,84.6661,7.2198,85.4594,1.3594,0.7933,1.6164
2024-05-10,624.6000,82.7700,84.6661,7.2260,86.4379,3.6679,1.7718,4.4314
2024-05-13,615.0000,83.4000,84.6661,7.2325,85.0328,1.6328,0.3668,1.9578
2024-05-14,618.0000,82.7400,84.6661,7.2335,85.4358,2.6958,0.7697,3.2582
2024-05-15,614.4000,82.9000,84.6661,7.2190,85.1087,2.2087,0.4427,2.6643
2024-05-16,614.7000,83.4100,84.6661,7.2181,85.1609,1.7509,0.4948,2.0992
2024-05-17,620.5000,83.9900,84.6661,7.2233,85.9026,1.9126,1.2365,2.2771
2024-05-20,622.9000,83.6200,84.6661,7.2344,86.1025,2.4825,1.4364,2.9688
2024-05-21,612.6000,82.5300,84.6661,7.2376,84.6413,2.1113,-0.0248,2.5582
2024-05-22,605.6000,81.7200,84.6661,7.2405,83.6406,1.9206,-1.0255,2.3503
2024-05-23,602.5000,81.2000,84.6661,7.2421,83.1941,1.9941,-1.4720,2.4558
2024-05-24,599.0000,81.8400,84.6661,7.2425,82.7062,0.8662,-1.9598,1.0585
2024-05-27,606.8000,82.8100,84.6661,7.2425,83.7832,0.9732,-0.8829,1.1752
2024-05-28,610.5000,84.3300,84.6661,7.2451,84.2638,-0.0662,-0.4022,-0.0784
2024-05-29,619.7000,83.3600,84.6661,7.2494,85.4829,2.1229,0.8168,2.5467
2024-05-30,611.5000,81.9200,84.6661,7.2493,84.3530,2.4330,-0.3131,2.9699
2024-05-31,602.8000,81.2400,84.6661,7.2410,83.2482,2.0082,-1.4179,2.4719
2024-06-03,595.8000,78.0900,84.1125,7.2420,82.2701,4.1801,-1.8424,5.3529
2024-06-04,571.9000,77.1200,84.1125,7.2393,78.9994,1.8794,-5.1131,2.4369
2024-06-05,570.3000,78.6200,84.1125,7.2475,78.6892,0.0692,-5.4233,0.0880
2024-06-06,577.0000,80.0100,84.1125,7.2451,79.6400,-0.3700,-4.4725,-0.4624
2024-06-07,583.9000,79.4700,84.1125,7.2466,80.5757,1.1057,-3.5368,1.3914
2024-06-11,597.6000,82.1200,84.1125,7.2544,82.3776,0.2576,-1.7349,0.3137
2024-06-12,605.3000,82.4900,84.1125,7.2544,83.4390,0.9490,-0.6735,1.1505
2024-06-13,604.5000,82.1700,84.1125,7.2519,83.3575,1.1875,-0.7550,1.4451
2024-06-14,602.8000,82.5900,84.1125,7.2557,83.0795,0.4895,-1.0330,0.5927
2024-06-17,602.0000,84.4000,84.1125,7.2561,82.9647,-1.4353,-1.1478,-1.7006
2024-06-18,613.5000,85.3400,84.1125,7.2543,84.5705,-0.7695,0.4580,-0.9017
2024-06-19,614.7000,84.4900,84.1125,7.2543,84.7359,0.2459,0.6234,0.2911
2024-06-20,617.9000,84.8000,84.1125,7.2604,85.1055,0.3055,0.9930,0.3603
2024-06-21,617.6000,84.2000,84.1125,7.2609,85.0583,0.8583,0.9458,1.0194
2024-06-24,617.4000,85.1900,84.1125,7.2586,85.0577,-0.1323,0.9452,-0.1553
2024-06-25,622.1000,84.1500,84.1125,7.2629,85.6545,1.5045,1.5420,1.7879
2024-06-26,620.3000,84.4300,84.1125,7.2666,85.3632,0.9332,1.2507,1.1053
2024-06-27,618.3000,85.4200,84.1125,7.2688,85.0622,-0.3578,0.9497,-0.4189
2024-06-28,628.3000,84.8300,84.1125,7.2672,86.4570,1.6270,2.3445,1.9179
2024-07-01,626.9000,86.6300,85.2013,7.2683,86.2513,-0.3787,1.0500,-0.4372
2024-07-02,634.0000,86.5800,85.2013,7.2712,87.1933,0.6133,1.9920,0.7084
2024-07-03,636.3000,87.0700,85.2013,7.2699,87.5253,0.4553,2.3240,0.5229
2024-07-04,633.3000,87.5500,85.2013,7.2699,87.1126,-0.4374,1.9113,-0.4996
2024-07-05,635.5000,86.8500,85.2013,7.2680,87.4381,0.5881,2.2368,0.6771
2024-07-08,628.0000,85.6900,85.2013,7.2683,86.4026,0.7126,1.2013,0.8316
2024-07-09,626.2000,85.0000,85.2013,7.2725,86.1052,1.1052,0.9039,1.3002
2024-07-10,614.5000,85.3500,85.2013,7.2758,84.4581,-0.8919,-0.7432,-1.0450
2024-07-11,625.3000,85.5600,85.2013,7.2573,86.1615,0.6015,0.9602,0.7030
2024-07-12,623.3000,85.2100,85.2013,7.2495,85.9783,0.7683,0.7770,0.9017
2024-07-15,619.0000,84.9300,85.2013,7.2592,85.2711,0.3411,0.0698,0.4016
2024-07-16,612.8000,83.8400,85.2013,7.2685,84.3090,0.4690,-0.8923,0.5594
2024-07-17,606.5000,85.1700,85.2013,7.2607,83.5319,-1.6381,-1.6694,-1.9233
2024-07-18,618.6000,84.7900,85.2013,7.2600,85.2066,0.4166,0.0053,0.4913
2024-07-19,611.2000,82.6200,85.2013,7.2695,84.0773,1.4573,-1.1240,1.7639
2024-07-22,597.4000,82.2600,85.2013,7.2736,82.1326,-0.1274,-3.0687,-0.1548
2024-07-23,593.1000,80.5800,85.2013,7.2748,81.5280,0.9480,-3.6733,1.1765
2024-07-24,588.7000,80.6500,85.2013,7.2622,81.0636,0.4136,-4.1377,0.5128
2024-07-25,585.5000,81.4200,85.2013,7.2310,80.9708,-0.4492,-4.2305,-0.5517
2024-07-26,592.9000,79.7300,85.2013,7.2502,81.7771,2.0471,-3.4242,2.5675
2024-07-29,586.7000,79.1000,85.2013,7.2597,80.8160,1.7160,-4.3853,2.1694
2024-07-30,573.9000,78.5500,85.2013,7.2511,79.1466,0.5966,-6.0547,0.7595
2024-07-31,580.4000,81.5100,85.2013,7.2193,80.3956,-1.1144,-4.8057,-1.3672
2024-08-01,593.1000,79.9900,80.0891,7.2441,81.8735,1.8835,1.7844,2.3547
2024-08-02,581.7000,77.5600,80.0891,7.1600,81.2430,3.6830,1.1539,4.7486
2024-08-05,546.9000,77.2900,80.0891,7.1300,76.7041,-0.5859,-3.3850,-0.7581
2024-08-06,548.0000,76.1100,80.0891,7.1563,76.5759,0.4659,-3.5132,0.6121
2024-08-07,545.0000,78.5500,80.0891,7.1760,75.9476,-2.6024,-4.1415,-3.3130
2024-08-08,552.4000,78.9500,80.0891,7.1747,76.9928,-1.9572,-3.0963,-2.4791
2024-08-09,561.4000,79.4600,80.0891,7.1660,78.3422,-1.1178,-1.7469,-1.4068
2024-08-12,568.1000,82.0100,80.0891,7.1744,79.1843,-2.8257,-0.9048,-3.4455
2024-08-13,579.7000,80.9700,80.0891,7.1558,81.0112,0.0412,0.9221,0.0509
2024-08-14,574.3000,80.0400,80.0891,7.1382,80.4545,0.4145,0.3654,0.5178
2024-08-15,567.9000,80.9000,80.0891,7.1734,79.1675,-1.7325,-0.9216,-2.1416
2024-08-16,571.7000,79.5800,80.0891,7.1644,79.7973,0.2173,-0.2918,0.2731
2024-08-19,560.2000,77.7100,80.0891,7.1393,78.4671,0.7571,-1.6220,0.9742
2024-08-20,547.7000,77.1800,80.0891,7.1320,76.7947,-0.3853,-3.2944,-0.4992
2024-08-21,547.4000,76.0500,80.0891,7.1344,76.7268,0.6768,-3.3622,0.8900
2024-08-22,537.8000,76.5100,80.0891,7.1440,75.2800,-1.2300,-4.8091,-1.6077
2024-08-23,545.3000,78.1200,80.0891,7.1244,76.5398,-1.5802,-3.5493,-2.0228
2024-08-26,562.7000,80.2000,80.0891,7.1212,79.0176,-1.1824,-1.0715,-1.4743
2024-08-27,570.4000,78.9500,80.0891,7.1244,80.0629,1.1129,-0.0262,1.4096
2024-08-28,559.3000,77.4000,80.0891,7.1245,78.5038,1.1038,-1.5853,1.4260
2024-08-29,550.1000,78.7600,80.0891,7.0972,77.5094,-1.2506,-2.5797,-1.5878
2024-08-30,558.9000,77.0300,80.0891,7.0900,78.8293,1.7993,-1.2598,2.3359
2024-09-02,540.6000,77.2500,73.7600,7.0900,76.2482,-1.0018,2.4882,-1.2968
2024-09-03,550.1000,73.6800,73.7600,7.1209,77.2515,3.5715,3.4915,4.8473
2024-09-04,522.8000,72.7300,73.7600,7.1119,73.5106,0.7806,-0.2494,1.0733
2024-09-05,521.4000,72.8300,73.7600,7.0921,73.5184,0.6884,-0.2416,0.9452
2024-09-06,522.1000,71.5200,73.7600,7.0876,73.6639,2.1439,-0.0961,2.9976
2024-09-09,512.6000,71.8900,73.7600,7.1133,72.0622,0.1722,-1.6978,0.2395
2024-09-10,510.2000,69.6500,73.7600,7.1205,71.6523,2.0023,-2.1077,2.8748
2024-09-11,503.1000,70.7100,73.7600,7.1192,70.6681,-0.0419,-3.0919,-0.0593
2024-09-12,512.5000,71.6500,73.7600,7.1173,72.0076,0.3576,-1.7524,0.4992
2024-09-13,513.1000,71.4800,73.7600,7.0930,72.3389,0.8589,-1.4211,1.2016
2024-09-18,513.6000,72.1500,73.7600,7.0812,72.5301,0.3801,-1.2299,0.5268
2024-09-19,522.7000,74.0200,73.7600,7.0675,73.9583,-0.0617,0.1983,-0.0834
2024-09-20,523.1000,73.9000,73.7600,7.0505,74.1933,0.2933,0.4333,0.3969
2024-09-23,525.1000,73.5700,73.7600,7.0508,74.4738,0.9038,0.7138,1.2285
2024-09-24,527.4000,74.4800,73.7600,7.0318,75.0021,0.5221,1.2421,0.7010
2024-09-25,535.0000,73.1300,73.7600,7.0315,76.0862,2.9562,2.3262,4.0424
2024-09-26,523.2000,70.8900,73.7600,7.0106,74.6298,3.7398,0.8698,5.2756
2024-09-27,524.4000,71.9700,73.7600,7.0111,74.7957,2.8257,1.0357,3.9262
2024-09-30,543.5000,72.0000,73.7600,7.0176,77.4481,5.4481,3.6881,7.5668
2024-10-08,580.1000,77.4400,76.0700,7.0595,82.1730,4.7330,6.1030,6.1118
2024-10-09,551.6000,76.7600,76.0700,7.0818,77.8898,1.1298,1.8198,1.4719
2024-10-10,556.7000,79.2600,76.0700,7.0794,78.6366,-0.6234,2.5666,-0.7865
2024-10-11,570.4000,78.8200,76.0700,7.0667,80.7166,1.8966,4.6466,2.4062
2024-10-14,566.5000,75.0700,76.0700,7.0667,80.1647,5.0947,4.0947,6.7866
2024-10-15,546.5000,74.6300,76.0700,7.1192,76.7642,2.1342,0.6942,2.8598
2024-10-16,536.9000,74.4400,76.0700,7.1192,75.4158,0.9758,-0.6542,1.3108
2024-10-17,534.0000,74.4300,76.0700,7.1216,74.9831,0.5531,-1.0869,0.7432
2024-10-18,537.4000,73.1700,76.0700,7.1015,75.6742,2.5042,-0.3958,3.4224
2024-10-21,527.9000,74.0700,76.0700,7.1189,74.1547,0.0847,-1.9153,0.1144
2024-10-22,532.8000,75.5600,76.0700,7.1230,74.7999,-0.7601,-1.2701,-1.0059
2024-10-23,544.7000,75.1600,76.0700,7.1252,76.4470,1.2870,0.3770,1.7123
2024-10-24,543.6000,74.1600,76.0700,7.1190,76.3590,2.1990,0.2890,2.9653
2024-10-25,537.4000,75.4500,76.0700,7.1199,75.4786,0.0286,-0.5914,0.0379
2024-10-28,523.8000,71.5600,76.0700,7.1254,73.5117,1.9517,-2.5583,2.7273
2024-10-29,512.1000,70.9800,76.0700,7.1301,71.8223,0.8423,-4.2477,1.1866
2024-10-30,516.5000,72.5900,76.0700,7.1229,72.5126,-0.0774,-3.5574,-0.1066
2024-10-31,523.6000,74.0000,76.0700,7.1178,73.5621,-0.4379,-2.5079,-0.5918
2024-11-01,532.6000,72.9300,74.0929,7.1214,74.7887,1.8587,0.6958,2.5486
2024-11-04,531.9000,75.2100,74.0929,7.0995,74.9208,-0.2892,0.8279,-0.3846
2024-11-05,536.0000,75.4400,74.0929,7.1047,75.4430,0.0030,1.3502,0.0040
2024-11-06,532.7000,75.1500,74.0929,7.1782,74.2108,-0.9392,0.1179,-1.2498
2024-11-07,542.7000,75.5500,74.0929,7.1412,75.9956,0.4456,1.9028,0.5898
2024-11-08,538.1000,73.8900,74.0929,7.1785,74.9599,1.0699,0.8671,1.4480
2024-11-11,533.3000,71.8900,74.0929,7.1785,74.2913,2.4013,0.1984,3.3402
2024-11-12,521.5000,71.7200,74.0929,7.2320,72.1101,0.3901,-1.9828,0.5439
2024-11-13,525.2000,71.9800,74.0929,7.2245,72.6971,0.7171,-1.3958,0.9962
2024-11-14,523.5000,72.3800,74.0929,7.2272,72.4347,0.0547,-1.6582,0.0756
2024-11-15,520.3000,71.0400,74.0929,7.2288,71.9760,0.9360,-2.1169,1.3175
2024-11-18,518.6000,73.1200,74.0929,7.2364,71.6655,-1.4545,-2.4274,-1.9892
2024-11-19,528.6000,73.3000,74.0929,7.2392,73.0191,-0.2809,-1.0737,-0.3832
2024-11-20,528.6000,73.0600,74.0929,7.2459,72.9516,-0.1084,-1.1413,-0.1484
2024-11-21,528.6000,73.8500,74.0929,7.2368,73.0433,-0.8067,-1.0495,-1.0923
2024-11-22,538.0000,74.6500,74.0929,7.2455,74.2530,-0.3970,0.1601,-0.5318
2024-11-25,539.1000,72.5400,74.0929,7.2395,74.4665,1.9265,0.3736,2.6557
2024-11-26,528.9000,72.3800,74.0929,7.2520,72.9316,0.5516,-1.1613,0.7621
2024-11-27,530.0000,72.3700,74.0929,7.2458,73.1458,0.7758,-0.9470,1.0720
2024-11-28,526.7000,72.6800,74.0929,7.2458,72.6904,0.0104,-1.4025,0.0143
2024-11-29,530.4000,72.0700,74.0929,7.2423,73.2364,1.1664,-0.8565,1.6184
2024-12-02,530.9000,71.9100,74.0027,7.2714,73.0121,1.1021,-0.9907,1.5326
2024-12-03,531.0000,73.6700,74.0027,7.2858,72.8815,-0.7885,-1.1212,-1.0703
2024-12-04,540.5000,72.4900,74.0027,7.2632,74.4162,1.9262,0.4135,2.6572
2024-12-05,529.5000,72.1700,74.0027,7.2558,72.9761,0.8061,-1.0266,1.1169
2024-12-06,526.0000,71.0500,74.0027,7.2700,72.3521,1.3021,-1.6506,1.8327
2024-12-09,526.5000,71.8900,74.0027,7.2604,72.5167,0.6267,-1.4861,0.8717
2024-12-10,526.7000,71.9900,74.0027,7.2500,72.6483,0.6583,-1.3545,0.9144
2024-12-11,532.9000,73.6200,74.0027,7.2605,73.3971,-0.2229,-0.6056,-0.3027
2024-12-12,543.0000,73.3100,74.0027,7.2685,74.7059,1.3959,0.7032,1.9041
2024-12-13,546.0000,74.3500,74.0027,7.2756,75.0454,0.6954,1.0426,0.9352
2024-12-16,549.6000,73.8900,74.0027,7.2836,75.4572,1.5672,1.4545,2.1210
2024-12-17,549.7000,73.3100,74.0027,7.2846,75.4606,2.1506,1.4578,2.9335
2024-12-18,540.8000,72.9800,74.0027,7.2864,74.2205,1.2405,0.2177,1.6997
2024-12-19,543.4000,72.2600,74.0027,7.2965,74.4741,2.2141,0.4713,3.0640
2024-12-20,537.6000,72.4800,74.0027,7.2953,73.6913,1.2113,-0.3114,1.6712
2024-12-23,542.3000,72.6400,74.0027,7.2977,74.3111,1.6711,0.3084,2.3005
2024-12-24,540.7000,73.2100,74.0027,7.2946,74.1233,0.9133,0.1206,1.2475
2024-12-25,547.5000,73.2100,74.0027,7.2946,75.0555,1.8455,1.0528,2.5209
2024-12-26,546.8000,72.8700,74.0027,7.2981,74.9236,2.0536,0.9209,2.8182
2024-12-27,544.9000,73.5200,74.0027,7.2980,74.6643,1.1443,0.6616,1.5564
2024-12-30,549.8000,74.1100,74.0027,7.2993,75.3223,1.2123,1.3196,1.6358
2024-12-31,559.9000,74.8300,74.0027,7.2993,76.7060,1.8760,2.7033,2.5070
2025-01-02,560.7000,75.9000,80.8043,7.2994,76.8145,0.9145,-3.9898,1.2049
2025-01-03,572.1000,76.6700,80.8043,7.3199,78.1568,1.4868,-2.6475,1.9392
2025-01-06,577.0000,76.2900,80.8043,7.3223,78.8004,2.5104,-2.0040,3.2906
2025-01-07,580.7000,77.2600,80.8043,7.3264,79.2613,2.0013,-1.5430,2.5903
2025-01-08,589.1000,76.1600,80.8043,7.3316,80.3508,4.1908,-0.4535,5.5026
2025-01-09,580.5000,77.1600,80.8043,7.3321,79.1724,2.0124,-1.6319,2.6081
2025-01-10,588.3000,79.7900,80.8043,7.3326,80.2308,0.4408,-0.5736,0.5524
2025-01-13,614.9000,80.9000,80.8043,7.3319,83.8664,2.9664,3.0620,3.6667
2025-01-14,609.2000,80.2400,80.8043,7.3311,83.0980,2.8580,2.2937,3.5619
2025-01-15,626.7000,82.4200,80.8043,7.3304,85.4933,3.0733,4.6889,3.7288
2025-01-16,633.9000,81.3100,80.8043,7.3316,86.4613,5.1513,5.6570,6.3354
2025-01-17,631.8000,80.7500,80.8043,7.3249,86.2537,5.5037,5.4494,6.8158
2025-01-20,622.0000,79.7700,80.8043,7.3249,84.9158,5.1458,4.1115,6.4508
2025-01-21,620.7000,79.3500,80.8043,7.2712,85.3642,6.0142,4.5598,7.5793
2025-01-22,618.3000,78.1200,80.8043,7.2728,85.0154,6.8954,4.2111,8.8267
2025-01-23,609.0000,77.1500,80.8043,7.2880,83.5620,6.4120,2.7577,8.3111
2025-01-24,605.5000,77.4300,80.8043,7.2440,83.5864,6.1564,2.7821,7.9509
2025-01-27,602.4000,76.2200,80.8043,7.2507,83.0816,6.8616,2.2773,9.0024
2025-02-05,605.5000,74.6400,76.3215,7.2720,83.2646,8.6246,6.9431,11.5549
2025-02-06,599.1000,74.2700,76.3215,7.2883,82.2002,7.9302,5.8787,10.6776
2025-02-07,603.8000,74.6900,76.3215,7.2943,82.7770,8.0870,6.4555,10.8274
2025-02-10,607.0000,76.0900,76.3215,7.3045,83.0995,7.0095,6.7780,9.2121
2025-02-11,619.8000,76.8000,76.3215,7.3072,84.8205,8.0205,8.4990,10.4433
2025-02-12,620.8000,74.9300,76.3215,7.3088,84.9387,10.0087,8.6172,13.3574
2025-02-13,565.2000,75.2600,76.3215,7.2888,77.5436,2.2836,1.2221,3.0343
2025-02-14,567.5000,74.6000,76.3215,7.2530,78.2435,3.6435,1.9220,4.8840
2025-02-17,557.9000,75.3000,76.3215,7.2530,76.9199,1.6199,0.5984,2.1513
2025-02-18,561.8000,75.7600,76.3215,7.2786,77.1852,1.4252,0.8637,1.8812
2025-02-19,565.4000,76.1100,76.3215,7.2833,77.6296,1.5196,1.3081,1.9966
2025-02-20,564.0000,76.2200,76.3215,7.2555,77.7341,1.5141,1.4126,1.9865
2025-02-21,562.0000,73.8000,76.3215,7.2501,77.5162,3.7162,1.1947,5.0355
2025-02-24,545.9000,74.4400,76.3215,7.2476,75.3215,0.8815,-1.0000,1.1842
2025-02-25,551.7000,72.5500,76.3215,7.2512,76.0840,3.5340,-0.2375,4.8711
2025-02-26,539.1000,72.3100,76.3215,7.2595,74.2613,1.9513,-2.0602,2.6985
2025-02-27,537.2000,73.4000,76.3215,7.2853,73.7375,0.3375,-2.5840,0.4598
2025-02-28,540.0000,73.0800,76.3215,7.2828,74.1473,1.0673,-2.1742,1.4605
2025-03-03,538.6000,71.4300,72.9781,7.2843,73.9398,2.5098,0.9617,3.5137
2025-03-04,521.3000,71.0800,72.9781,7.2651,71.7540,0.6740,-1.2241,0.9482
2025-03-05,518.5000,69.3200,72.9781,7.2506,71.5113,2.1913,-1.4668,3.1612
2025-03-06,509.6000,69.4200,72.9781,7.2468,70.3207,0.9007,-2.6574,1.2975
2025-03-07,512.5000,70.4100,72.9781,7.2340,70.8460,0.4360,-2.1321,0.6192
2025-03-10,520.8000,69.1400,72.9781,7.2591,71.7444,2.6044,-1.2337,3.7669
2025-03-11,516.5000,69.9200,72.9781,7.2278,71.4602,1.5402,-1.5179,2.2028
2025-03-12,515.1000,70.8900,72.9781,7.2372,71.1739,0.2839,-1.8042,0.4005
2025-03-13,519.7000,70.1500,72.9781,7.2439,71.7431,1.5931,-1.2350,2.2710
2025-03-14,519.2000,70.5800,72.9781,7.2377,71.7355,1.1555,-1.2426,1.6371
2025-03-17,523.4000,70.9200,72.9781,7.2327,72.3658,1.4458,-0.6123,2.0386
2025-03-18,526.2000,70.4000,72.9781,7.2273,72.8073,2.4073,-0.1708,3.4194
2025-03-19,516.2000,70.3700,72.9781,7.2300,71.3970,1.0270,-1.5811,1.4594
2025-03-20,527.1000,71.7000,72.9781,7.2477,72.7265,1.0265,-0.2516,1.4317
2025-03-21,534.5000,71.5700,72.9781,7.2486,73.7384,2.1684,0.7603,3.0297
2025-03-24,534.4000,72.4300,72.9781,7.2531,73.6788,1.2488,0.7007,1.7242
2025-03-25,538.3000,72.4900,72.9781,7.2569,74.1777,1.6877,1.1996,2.3282
2025-03-26,541.8000,73.2900,72.9781,7.2675,74.5511,1.2611,1.5730,1.7207
2025-03-27,540.7000,73.3400,72.9781,7.2645,74.4304,1.0904,1.4524,1.4868
2025-03-28,542.3000,72.4100,72.9781,7.2628,74.6682,2.2582,1.6901,3.1186
2025-03-31,537.5000,74.6700,72.9781,7.2567,74.0695,-0.6005,1.0914,-0.8042
2025-04-01,556.1000,74.4600,68.4895,7.2697,76.4956,2.0356,8.0060,2.7338
2025-04-02,552.2000,73.4000,68.4895,7.2675,75.9821,2.5821,7.4926,3.5179
2025-04-03,542.0000,69.8200,68.4895,7.2813,74.4373,4.6173,5.9477,6.6131
2025-04-07,510.1000,64.2600,68.4895,7.3081,69.7993,5.5393,1.3097,8.6201
2025-04-08,478.6000,61.6100,68.4895,7.3388,65.2150,3.6050,-3.2745,5.8514
2025-04-09,458.1000,65.6900,68.4895,7.3499,62.3274,-3.3626,-6.1622,-5.1189
2025-04-10,478.4000,63.4000,68.4895,7.3140,65.4088,2.0088,-3.0807,3.1685
2025-04-11,472.5000,64.5900,68.4895,7.2915,64.8015,0.2115,-3.6881,0.3274
2025-04-14,474.0000,64.8200,68.4895,7.3119,64.8258,0.0058,-3.6637,0.0090
2025-04-15,476.8000,64.8500,68.4895,7.3150,65.1811,0.3311,-3.3084,0.5106
2025-04-16,467.2000,65.9500,68.4895,7.3053,63.9536,-1.9964,-4.5360,-3.0272
2025-04-17,482.7000,67.8200,68.4895,7.2990,66.1323,-1.6877,-2.3572,-2.4884
2025-04-18,490.7000,67.8200,68.4895,7.2996,67.2229,-0.5971,-1.2667,-0.8805
2025-04-21,489.2000,66.4900,68.4895,7.2914,67.0927,0.6027,-1.3968,0.9065
2025-04-22,494.0000,66.8300,68.4895,7.3118,67.5620,0.7320,-0.9275,1.0954
2025-04-23,503.8000,65.1800,68.4895,7.2860,69.1463,3.9663,0.6568,6.0852
2025-04-24,493.4000,65.5800,68.4895,7.2879,67.7013,2.1213,-0.7883,3.2346
2025-04-25,496.1000,65.8200,68.4895,7.2864,68.0857,2.2657,-0.4038,3.4423
2025-04-28,498.0000,64.5300,68.4895,7.2942,68.2734,3.7434,-0.2161,5.8011
2025-04-29,483.6000,63.0000,68.4895,7.2690,66.5291,3.5291,-1.9604,5.6017
2025-04-30,471.1000,61.0100,68.4895,7.2706,64.7952,3.7852,-3.6943,6.2042
2025-05-06,458.9000,62.0400,63.6073,7.2164,63.5913,1.5513,-0.0160,2.5004
2025-05-07,468.2000,60.9500,63.6073,7.2250,64.8028,3.8528,1.1955,6.3212
2025-05-08,461.0000,63.2000,63.6073,7.2340,63.7268,0.5268,0.1196,0.8336
2025-05-09,462.4000,63.8800,63.6073,7.2364,63.8992,0.0192,0.2919,0.0300
2025-05-12,472.6000,64.9500,63.6073,7.2018,65.6225,0.6725,2.0152,1.0354
2025-05-13,470.5000,66.5600,63.6073,7.2057,65.2955,-1.2645,1.6883,-1.8997
2025-05-14,479.3000,65.8500,63.6073,7.2080,66.4956,0.6456,2.8883,0.9804
2025-05-15,460.7000,64.5400,63.6073,7.2067,63.9266,-0.6134,0.3194,-0.9504
2025-05-16,456.2000,65.3200,63.6073,7.2090,63.2820,-2.0380,-0.3253,-3.1200
2025-05-19,462.8000,65.4800,63.6073,7.2144,64.1495,-1.3305,0.5422,-2.0320
2025-05-20,465.4000,65.5800,63.6073,7.2194,64.4652,-1.1148,0.8579,-1.6999
2025-05-21,470.1000,64.5800,63.6073,7.2019,65.2744,0.6944,1.6672,1.0753
2025-05-22,453.7000,63.4800,63.6073,7.2037,62.9815,-0.4985,-0.6257,-0.7852
2025-05-23,452.8000,64.3800,63.6073,7.1798,63.0658,-1.3142,-0.5414,-2.0413
2025-05-26,459.7000,64.1700,63.6073,7.1798,64.0269,-0.1431,0.4196,-0.2231
2025-05-27,458.3000,63.7200,63.6073,7.1950,63.6970,-0.0230,0.0897,-0.0361
2025-05-28,453.0000,64.2300,63.6073,7.1941,62.9683,-1.2617,-0.6390,-1.9644
2025-05-29,467.1000,63.3500,63.6073,7.1855,65.0059,1.6559,1.3986,2.6139
2025-05-30,447.9000,62.6000,63.6073,7.1991,62.2161,-0.3839,-1.3912,-0.6132
2025-06-03,462.5000,65.6000,69.3629,7.1872,64.3505,-1.2495,-5.0123,-1.9047
2025-06-04,468.2000,64.8800,69.3629,7.1844,65.1690,0.2890,-4.1939,0.4454
2025-06-05,463.7000,65.2100,69.3629,7.1750,64.6272,-0.5828,-4.7357,-0.8938
2025-06-06,466.1000,66.5900,69.3629,7.1886,64.8388,-1.7512,-4.5241,-2.6299
2025-06-09,474.3000,67.1300,69.3629,7.1802,66.0567,-1.0733,-3.3062,-1.5989
2025-06-10,479.8000,66.6000,69.3629,7.1870,66.7594,0.1594,-2.6034,0.2394
2025-06-11,478.1000,70.7800,69.3629,7.1928,66.4692,-4.3108,-2.8936,-6.0904
2025-06-12,495.7000,70.3500,69.3629,7.1726,69.1102,-1.2398,-0.2526,-1.7623
2025-06-13,529.9000,75.0000,69.3629,7.1810,73.7920,-1.2080,4.4291,-1.6107
2025-06-16,532.9000,72.5300,69.3629,7.1790,74.2304,1.7004,4.8675,2.3444
2025-06-17,524.9000,77.1300,69.3629,7.1845,73.0601,-4.0699,3.6972,-5.2767
2025-06-18,552.7000,76.0900,69.3629,7.1888,76.8835,0.7935,7.5206,1.0428
2025-06-19,570.9000,76.9900,69.3629,7.1888,79.4152,2.4252,10.0523,3.1500
2025-06-20,566.6000,75.7800,69.3629,7.1785,78.9301,3.1501,9.5673,4.1570
2025-06-23,574.5000,69.7600,69.3629,7.1790,80.0251,10.2651,10.6622,14.7148
2025-06-24,518.6000,66.8100,69.3629,7.1713,72.3160,5.5060,2.9532,8.2413
2025-06-25,508.6000,66.4500,69.3629,7.1764,70.8712,4.4212,1.5083,6.6534
2025-06-26,502.9000,66.6900,69.3629,7.1675,70.1639,3.4739,0.8011,5.2091
2025-06-27,498.5000,66.3300,69.3629,7.1721,69.5054,3.1754,0.1426,4.7873
2025-06-30,496.7000,66.6300,69.3629,7.1636,69.3366,2.7066,-0.0262,4.0622
2025-07-01,499.4000,67.1800,71.0430,7.1647,69.7028,2.5228,-1.3402,3.7554
2025-07-02,498.2000,69.1500,71.0430,7.1649,69.5334,0.3834,-1.5096,0.5545
2025-07-03,506.3000,68.8300,71.0430,7.1684,70.6294,1.7994,-0.4136,2.6143
2025-07-04,503.5000,68.4900,71.0430,7.1684,70.2388,1.7488,-0.8042,2.5534
2025-07-07,502.3000,69.5900,71.0430,7.1744,70.0128,0.4228,-1.0302,0.6076
2025-07-08,510.7000,70.0000,71.0430,7.1738,71.1896,1.1896,0.1466,1.6994
2025-07-09,519.7000,70.1400,71.0430,7.1800,72.3816,2.2416,1.3386,3.1959
2025-07-10,522.5000,68.8500,71.0430,7.1748,72.8243,3.9743,1.7813,5.7724
2025-07-11,513.9000,70.6300,71.0430,7.1681,71.6926,1.0626,0.6496,1.5045
2025-07-14,513.0000,69.1000,71.0430,7.1670,71.5781,2.4781,0.5350,3.5862
2025-07-15,506.1000,68.8300,71.0430,7.1729,70.5572,1.7272,-0.4858,2.5094
2025-07-16,507.9000,68.7000,71.0430,7.1791,70.7470,2.0470,-0.2960,2.9797
2025-07-17,505.4000,69.6100,71.0430,7.1832,70.3586,0.7486,-0.6844,1.0754
2025-07-18,515.8000,69.2300,71.0430,7.1776,71.8625,2.6325,0.8194,3.8025
2025-07-21,512.3000,69.0800,71.0430,7.1760,71.3907,2.3107,0.3477,3.3450
2025-07-22,504.3000,67.7900,71.0430,7.1748,70.2877,2.4977,-0.7554,3.6844
2025-07-23,503.7000,67.9400,71.0430,7.1599,70.3501,2.4101,-0.6929,3.5475
2025-07-24,508.9000,68.5300,71.0430,7.1541,71.1340,2.6040,0.0910,3.7998
2025-07-25,512.9000,67.5900,71.0430,7.1679,71.5551,3.9651,0.5121,5.8664
2025-07-28,505.9000,69.5700,71.0430,7.1778,70.4812,0.9112,-0.5618,1.3098
2025-07-29,515.0000,71.7800,71.0430,7.1769,71.7580,-0.0220,0.7150,-0.0306
2025-07-30,528.6000,72.7500,71.0430,7.1934,73.4840,0.7340,2.4410,1.0090
2025-07-31,531.3000,71.7600,71.0430,7.2002,73.7896,2.0296,2.7466,2.8283
2025-08-01,527.9000,69.5000,69.3881,7.2116,73.2015,3.7015,3.8134,5.3259
2025-08-04,514.3000,68.6200,69.3881,7.1780,71.6495,3.0295,2.2614,4.4149
2025-08-05,508.8000,67.6800,69.3881,7.1835,70.8290,3.1490,1.4409,4.6528
2025-08-06,505.9000,66.9000,69.3881,7.1822,70.4380,3.5380,1.0499,5.2885
2025-08-07,501.0000,66.3300,69.3881,7.1806,69.7713,3.4413,0.3832,5.1882
2025-08-08,489.8000,66.1000,69.3881,7.1839,68.1802,2.0802,-1.2079,3.1471
2025-08-11,489.4000,66.6700,69.3881,7.1884,68.0819,1.4119,-1.3062,2.1178
2025-08-12,495.2000,66.1000,69.3881,7.1785,68.9838,2.8838,-0.4043,4.3627
2025-08-13,490.6000,65.7500,69.3881,7.1744,68.3820,2.6320,-1.0061,4.0031
2025-08-14,485.5000,66.8300,69.3881,7.1795,67.6231,0.7931,-1.7650,1.1867
2025-08-15,488.1000,66.0500,69.3881,7.1817,67.9644,1.9144,-1.4237,2.8984
2025-08-18,486.5000,66.4500,69.3881,7.1847,67.7133,1.2633,-1.6748,1.9012
2025-08-19,484.2000,65.9200,69.3881,7.1819,67.4195,1.4995,-1.9686,2.2747
2025-08-20,482.8000,67.0100,69.3881,7.1757,67.2826,0.2726,-2.1055,0.4069
2025-08-21,490.9000,67.0300,69.3881,7.1793,68.3771,1.3471,-1.0110,2.0098
2025-08-22,493.6000,67.2600,69.3881,7.1651,68.8895,1.6295,-0.4986,2.4227
2025-08-25,492.9000,68.1800,69.3881,7.1510,68.9274,0.7474,-0.4607,1.0962
2025-08-26,496.1000,66.6700,69.3881,7.1520,69.3652,2.6952,-0.0229,4.0426
2025-08-27,479.7000,67.1900,69.3881,7.1536,67.0571,-0.1329,-2.3309,-0.1977
2025-08-28,481.7000,67.6100,69.3881,7.1306,67.5539,-0.0561,-1.8342,-0.0829
2025-08-29,485.2000,67.4000,69.3881,7.1304,68.0467,0.6467,-1.3414,0.9595
2025-09-01,483.5000,68.1600,69.9191,7.1304,67.8083,-0.3517,-2.1108,-0.5161
2025-09-02,490.4000,69.0700,69.9191,7.1390,68.6931,-0.3769,-1.2260,-0.5457
2025-09-03,493.2000,67.3900,69.9191,7.1415,69.0611,1.6711,-0.8580,2.4798
2025-09-04,481.0000,66.8000,69.9191,7.1414,67.3537,0.5537,-2.5654,0.8290
2025-09-05,482.0000,65.5500,69.9191,7.1323,67.5799,2.0299,-2.3392,3.0967
2025-09-08,490.5000,66.2100,69.9191,7.1293,68.8006,2.5906,-1.1185,3.9127
2025-09-09,482.8000,66.5400,69.9191,7.1209,67.8004,1.2604,-2.1187,1.8942
2025-09-10,486.2000,67.5700,69.9191,7.1207,68.2798,0.7098,-1.6393,1.0505
2025-09-11,489.2000,66.2800,69.9191,7.1184,68.7233,2.4433,-1.1958,3.6863
2025-09-12,476.7000,66.8800,69.9191,7.1242,66.9128,0.0328,-3.0063,0.0490
2025-09-15,489.3000,67.4500,69.9191,7.1186,68.7354,1.2854,-1.1837,1.9057
2025-09-16,494.0000,68.4900,69.9191,7.1142,69.4386,0.9486,-0.4805,1.3850
2025-09-17,499.3000,67.4100,69.9191,7.1033,70.2913,2.8813,0.3722,4.2743
2025-09-18,491.8000,66.9700,69.9191,7.1125,69.1459,2.1759,-0.7732,3.2490
2025-09-19,487.0000,65.9900,69.9191,7.1142,68.4546,2.4646,-1.4645,3.7349
2025-09-22,483.0000,65.9700,69.9191,7.1140,67.8943,1.9243,-2.0248,2.9169
2025-09-23,473.1000,67.1200,69.9191,7.1116,66.5251,-0.5949,-3.3940,-0.8863
2025-09-24,482.3000,68.2300,69.9191,7.1315,67.6295,-0.6005,-2.2896,-0.8801
2025-09-25,490.6000,68.8000,69.9191,7.1338,68.7712,-0.0288,-1.1479,-0.0419
2025-09-26,491.3000,68.8100,69.9191,7.1328,68.8790,0.0690,-1.0401,0.1002
2025-09-29,492.6000,66.7400,69.9191,7.1194,69.1912,2.4512,-0.7279,3.6728
2025-09-30,479.7000,66.1400,69.9191,7.1190,67.3831,1.2431,-2.5360,1.8794
2025-10-09,471.0000,65.1900,64.5987,7.1275,66.0821,0.8921,1.4834,1.3684
2025-10-10,461.9000,62.0500,64.5987,7.1340,64.7463,2.6963,0.1476,4.3453
2025-10-13,453.7000,63.3900,64.5987,7.1340,63.5969,0.2069,-1.0018,0.3263
2025-10-14,449.6000,62.2800,64.5987,7.1384,62.9833,0.7033,-1.6154,1.1293
2025-10-15,446.0000,62.4500,64.5987,7.1262,62.5860,0.1360,-2.0127,0.2177
2025-10-16,445.9000,60.9900,64.5987,7.1230,62.6000,1.6100,-1.9987,2.6398
2025-10-17,435.0000,61.3400,64.5987,7.1264,61.0406,-0.2994,-3.5581,-0.4880
2025-10-20,435.8000,60.9100,64.5987,7.1195,61.2122,0.3022,-3.3865,0.4961
2025-10-21,437.7000,61.5700,64.5987,7.1218,61.4592,-0.1108,-3.1395,-0.1800
2025-10-22,447.2000,64.3600,64.5987,7.1257,62.7587,-1.6013,-1.8399,-2.4880
2025-10-23,459.7000,65.2500,64.5987,7.1221,64.5456,-0.7044,-0.0531,-1.0796
2025-10-24,464.9000,64.8800,64.5987,7.1211,65.2849,0.4049,0.6862,0.6240
2025-10-27,468.9000,65.0200,64.5987,7.1102,65.9475,0.9275,1.3488,1.4265
2025-10-28,462.7000,63.8500,64.5987,7.0988,65.1800,1.3300,0.5813,2.0831
2025-10-29,462.6000,64.2700,64.5987,7.0980,65.1733,0.9033,0.5746,1.4055
2025-10-30,458.9000,64.0300,64.5987,7.1097,64.5456,0.5156,-0.0531,0.8053
2025-10-31,458.7000,64.5700,64.5987,7.1169,64.4522,-0.1178,-0.1465,-0.1824
2025-11-03,467.9000,64.8400,64.3555,7.1222,65.6960,0.8560,1.3405,1.3202
2025-11-04,463.5000,64.2800,64.3555,7.1295,65.0116,0.7316,0.6561,1.1381
2025-11-05,463.7000,63.5100,64.3555,7.1260,65.0716,1.5616,0.7161,2.4588
2025-11-06,460.4000,63.5800,64.3555,7.1195,64.6675,1.0875,0.3120,1.7104
2025-11-07,460.6000,63.7000,64.3555,7.1219,64.6738,0.9738,0.3183,1.5287
2025-11-10,461.8000,63.9400,64.3555,7.1193,64.8659,0.9259,0.5104,1.4481
2025-11-11,461.3000,65.0900,64.3555,7.1193,64.7957,-0.2943,0.4402,-0.4521
2025-11-12,469.1000,62.6700,64.3555,7.1120,65.9589,3.2889,1.6034,5.2480
2025-11-13,452.9000,63.1100,64.3555,7.0950,63.8337,0.7237,-0.5218,1.1467
2025-11-14,459.5000,64.2300,64.3555,7.0992,64.7256,0.4956,0.3701,0.7716
2025-11-17,459.2000,64.0300,64.3555,7.1075,64.6078,0.5778,0.2523,0.9024
2025-11-18,458.8000,64.7900,64.3555,7.1074,64.5524,-0.2376,0.1969,-0.3667
2025-11-19,464.5000,63.6600,64.3555,7.1106,65.3250,1.6650,0.9695,2.6155
2025-11-20,455.5000,63.0800,64.3555,7.1098,64.0665,0.9865,-0.2890,1.5639
2025-11-21,447.4000,61.8500,64.3555,7.1066,62.9556,1.1056,-1.3999,1.7875
2025-11-24,447.9000,62.7300,64.3555,7.1020,63.0667,0.3367,-1.2888,0.5368
2025-11-25,448.6000,61.9000,64.3555,7.0845,63.3213,1.4213,-1.0342,2.2962
2025-11-26,445.0000,62.4700,64.3555,7.0758,62.8904,0.4204,-1.4651,0.6730
2025-11-27,447.6000,62.9100,64.3555,7.0758,63.2579,0.3479,-1.0976,0.5530
2025-11-28,453.9000,62.3100,64.3555,7.0751,64.1546,1.8446,-0.2009,2.9603
2025-12-01,455.7000,63.3000,61.8300,7.0717,64.4400,1.1400,2.6100,1.8009
2025-12-02,453.8000,62.3300,61.8300,7.0700,64.1867,1.8567,2.3567,2.9788
2025-12-03,448.1000,62.7400,61.8300,7.0636,63.4379,0.6979,1.6079,1.1124
2025-12-04,452.6000,63.3500,61.8300,7.0714,64.0043,0.6543,2.1743,1.0328
2025-12-05,453.7000,63.8200,61.8300,7.0696,64.1762,0.3562,2.3462,0.5581
2025-12-08,457.6000,62.5000,61.8300,7.0710,64.7150,2.2150,2.8850,3.5441
2025-12-09,446.1000,62.1100,61.8300,7.0633,63.1574,1.0474,1.3274,1.6864
2025-12-10,443.7000,62.5100,61.8300,7.0640,62.8114,0.3014,0.9814,0.4822
2025-12-11,439.7000,61.5500,61.8300,7.0579,62.2990,0.7490,0.4690,1.2169
2025-12-12,437.6000,61.1700,61.8300,7.0548,62.0287,0.8587,0.1987,1.4038
2025-12-15,437.3000,60.3700,61.8300,7.0470,62.0548,1.6848,0.2248,2.7907
2025-12-16,430.6000,58.8200,61.8300,7.0417,61.1500,2.3300,-0.6800,3.9612
2025-12-17,426.7000,60.6600,61.8300,7.0431,60.5841,-0.0759,-1.2459,-0.1251
2025-12-18,429.4000,59.4000,61.8300,7.0404,60.9909,1.5909,-0.8391,2.6782
2025-12-19,426.6000,60.0800,61.8300,7.0409,60.5888,0.5088,-1.2412,0.8469
2025-12-22,437.9000,61.4600,61.8300,7.0367,62.2309,0.7709,0.4009,1.2543
2025-12-23,440.9000,61.9100,61.8300,7.0280,62.7348,0.8248,0.9048,1.3322
2025-12-24,444.7000,61.8400,61.8300,7.0142,63.4000,1.5600,1.5700,2.5226
2025-12-25,442.7000,61.8400,61.8300,7.0142,63.1148,1.2748,1.2848,2.0615
2025-12-26,441.8000,60.2700,61.8300,7.0063,63.0575,2.7875,1.2275,4.6251
2025-12-29,434.8000,61.2200,61.8300,7.0056,62.0646,0.8446,0.2346,1.3797
2025-12-30,436.1000,61.2700,61.8300,6.9961,62.3347,1.0647,0.5047,1.7378
2025-12-31,432.2000,60.9000,61.8300,6.9931,61.8038,0.9038,-0.0262,1.4840
2026-01-05,421.7000,61.7700,62.7282,6.9880,60.3463,-1.4237,-2.3819,-2.3048
2026-01-06,428.2000,60.5000,62.7282,6.9834,61.3168,0.8168,-1.4113,1.3501
2026-01-07,416.3000,60.3600,62.7282,6.9965,59.5012,-0.8588,-3.2270,-1.4228
2026-01-08,416.2000,62.6800,62.7282,6.9835,59.5976,-3.0824,-3.1306,-4.9176
2026-01-09,432.7000,63.0100,62.7282,6.9772,62.0163,-0.9937,-0.7119,-1.5771
2026-01-12,437.5000,64.2100,62.7282,6.9731,62.7411,-1.4689,0.0129,-2.2876
2026-01-13,446.7000,65.4500,62.7282,6.9775,64.0201,-1.4299,1.2919,-2.1848
2026-01-14,448.0000,65.2000,62.7282,6.9730,64.2478,-0.9522,1.5196,-1.4604
2026-01-15,446.6000,63.8500,62.7282,6.9660,64.1114,0.2614,1.3832,0.4094
2026-01-16,438.8000,64.0400,62.7282,6.9681,62.9727,-1.0673,0.2445,-1.6666
2026-01-19,437.4000,64.1400,62.7282,6.9681,62.7718,-1.3682,0.0436,-2.1332
2026-01-20,437.0000,63.3900,62.7282,6.9599,62.7883,-0.6017,0.0601,-0.9493
2026-01-21,440.8000,64.5600,62.7282,6.9637,63.2997,-1.2603,0.5715,-1.9522
2026-01-22,446.4000,63.6500,62.7282,6.9700,64.0459,0.3959,1.3177,0.6220
2026-01-23,441.9000,65.4200,62.7282,6.9631,63.4631,-1.9569,0.7349,-2.9913
2026-01-26,457.3000,64.8600,62.7282,6.9542,65.7588,0.8988,3.0306,1.3858
2026-01-27,446.7000,66.7100,62.7282,6.9545,64.2318,-2.4782,1.5036,-3.7149
2026-01-28,460.3000,67.6800,62.7282,6.9462,66.2664,-1.4136,3.5383,-2.0886
2026-01-29,472.5000,69.7000,62.7282,6.9480,68.0052,-1.6948,5.2770,-2.4316
2026-01-30,470.8000,69.8300,62.7282,6.9510,67.7313,-2.0987,5.0031,-3.0055
2026-02-02,449.0000,66.1200,68.5085,6.9463,64.6387,-1.4813,-3.8698,-2.2403
2026-02-03,449.4000,67.8200,68.5085,6.9377,64.7765,-3.0435,-3.7320,-4.4876
2026-02-04,462.4000,68.9000,68.5085,6.9415,66.6138,-2.2862,-1.8947,-3.3181
2026-02-05,467.2000,67.3300,68.5085,6.9378,67.3412,0.0112,-1.1673,0.0167
2026-02-06,469.8000,67.9100,68.5085,6.9388,67.7062,-0.2038,-0.8023,-0.3001
2026-02-09,464.2000,69.1200,68.5085,6.9200,67.0809,-2.0391,-1.4276,-2.9501
2026-02-10,476.1000,69.0400,68.5085,6.9106,68.8942,-0.1458,0.3857,-0.2112
2026-02-11,476.8000,69.6100,68.5085,6.9125,68.9765,-0.6335,0.4680,-0.9101
2026-02-12,476.8000,67.5900,68.5085,6.9010,69.0914,1.5014,0.5829,2.2214
2026-02-13,460.7000,67.6800,68.5085,6.9080,66.6908,-0.9892,-1.8177,-1.4616
2026-02-24,493.3000,71.0200,68.5085,6.8830,71.6693,0.6493,3.1608,0.9143
2026-02-25,488.3000,70.7900,68.5085,6.8692,71.0854,0.2954,2.5769,0.4173
2026-02-26,483.6000,70.8200,68.5085,6.8409,70.6925,-0.1275,2.1840,-0.1801
2026-02-27,488.4000,73.1600,68.5085,6.8579,71.2171,-1.9429,2.7086,-2.6556
2026-03-02,527.8000,77.9500,126.7064,6.8821,76.6917,-1.2583,-50.0147,-1.6142
2026-03-03,572.3000,81.9700,126.7064,6.8996,82.9468,0.9768,-43.7595,1.1917
2026-03-04,641.1000,82.5500,126.7064,6.8969,92.9548,10.4048,-33.7516,12.6042
2026-03-05,664.1000,84.2800,126.7064,6.8912,96.3693,12.0893,-30.3371,14.3442
2026-03-06,664.8000,93.3200,126.7064,6.8965,96.3967,3.0767,-30.3096,3.2970
2026-03-09,771.8000,89.8000,126.7064,6.9066,111.7482,21.9482,-14.9582,24.4412
2026-03-10,666.3000,91.3700,126.7064,6.8766,96.8938,5.5238,-29.8125,6.0455
2026-03-11,662.0000,93.6600,126.7064,6.8655,96.4241,2.7641,-30.2822,2.9513
2026-03-12,722.3000,101.7100,126.7064,6.8689,105.1551,3.4451,-21.5512,3.3872
2026-03-13,753.6000,103.8300,126.7064,6.8961,109.2792,5.4492,-17.4272,5.2482
2026-03-16,770.5000,100.8100,126.7064,6.8955,111.7395,10.9295,-14.9668,10.8417
2026-03-17,761.2000,99.4900,126.7064,6.8863,110.5383,11.0483,-16.1680,11.1050
2026-03-18,735.4000,104.6600,126.7064,6.8726,107.0046,2.3446,-19.7017,2.2402
2026-03-19,814.9000,102.6000,126.7064,6.8998,118.1049,15.5049,-8.6015,15.1120
2026-03-20,773.6000,104.3100,126.7064,6.8857,112.3488,8.0388,-14.3576,7.7066
2026-03-23,834.6000,96.1500,126.7064,6.8807,121.2958,25.1458,-5.4106,26.1527
2026-03-24,739.1000,95.8500,126.7064,6.8918,107.2434,11.3934,-19.4630,11.8867
2026-03-25,723.9000,98.0600,126.7064,6.9011,104.8963,6.8363,-21.8100,6.9716
2026-03-26,733.1000,100.7600,126.7064,6.9107,106.0819,5.3219,-20.6245,5.2817
2026-03-27,740.8000,106.5900,126.7064,6.9116,107.1821,0.5921,-19.5242,0.5555
2026-03-30,763.5000,108.8000,126.7064,6.9119,110.4617,1.6617,-16.2447,1.5273
2026-03-31,740.6000,103.5100,126.7064,6.8980,107.3645,3.8545,-19.3419,3.7237
2026-04-01,653.8000,100.1200,105.2991,6.8720,95.1397,-4.9803,-10.1594,-4.9743
2026-04-02,721.3000,109.2400,105.2991,6.8856,104.7549,-4.4851,-0.5442,-4.1058
2026-04-03,722.0000,109.2400,105.2991,6.8824,104.9053,-4.3347,-0.3938,-3.9681
2026-04-07,710.0000,103.6800,105.2991,6.8567,103.5484,-0.1316,-1.7507,-0.1270
2026-04-08,621.0000,96.6500,105.2991,6.8287,90.9397,-5.7103,-14.3594,-5.9082
2026-04-09,640.0000,96.4100,105.2991,6.8314,93.6850,-2.7250,-11.6140,-2.8264
2026-04-10,637.3000,94.2600,105.2991,6.8278,93.3390,-0.9210,-11.9601,-0.9771
2026-04-13,658.0000,97.9500,105.2991,6.8303,96.3354,-1.6146,-8.9636,-1.6483
2026-04-14,651.2000,95.2200,105.2991,6.8157,95.5441,0.3241,-9.7550,0.3404
2026-04-15,629.9000,94.8400,105.2991,6.8180,92.3878,-2.4522,-12.9113,-2.5856
2026-04-16,631.8000,98.2400,105.2991,6.8208,92.6284,-5.6116,-12.6707,-5.7121
2026-04-17,636.2000,92.4500,105.2991,6.8170,93.3255,0.8755,-11.9736,0.9470
2026-04-20,618.4000,93.9500,105.2991,6.8172,90.7117,-3.2383,-14.5874,-3.4468
2026-04-21,615.5000,99.0000,105.2991,6.8208,90.2387,-8.7613,-15.0604,-8.8498
2026-04-22,623.7000,101.5400,105.2991,6.8275,91.3512,-10.1888,-13.9479,-10.0343
2026-04-23,641.7000,106.0100,105.2991,6.8260,94.0082,-12.0018,-11.2909,-11.3214
2026-04-24,648.4000,99.7800,105.2991,6.8359,94.8522,-4.9278,-10.4469,-4.9387
2026-04-27,653.5000,101.9600,105.2991,6.8228,95.7818,-6.1782,-9.5173,-6.0594
2026-04-28,669.3000,104.2400,105.2991,6.8374,97.8881,-6.3519,-7.4110,-6.0935
2026-04-29,666.6000,112.4700,105.2991,6.8375,97.4918,-14.9782,-7.8073,-13.3175
2026-04-30,689.0000,110.7600,105.2991,6.8273,100.9184,-9.8416,-4.3807,-8.8855
2026-05-06,665.4000,101.8500,102.2823,6.8110,97.6949,-4.1551,-4.5874,-4.0796
2026-05-07,625.8000,103.4800,102.2823,6.8014,92.0105,-11.4695,-10.2718,-11.0838
2026-05-08,624.5000,100.2500,102.2823,6.8005,91.8315,-8.4185,-10.4508,-8.3975
2026-05-11,635.2000,104.5100,102.2823,6.7948,93.4833,-11.0267,-8.7991,-10.5509
2026-05-12,645.6000,107.6100,102.2823,6.7920,95.0530,-12.5570,-7.2293,-11.6690
2026-05-13,635.3000,105.7200,102.2823,6.7908,93.5530,-12.1670,-8.7293,-11.5087
2026-05-14,620.7000,106.5300,102.2823,6.7851,91.4799,-15.0501,-10.8024,-14.1276
2026-05-15,656.9000,109.3000,102.2823,6.8092,96.4724,-12.8276,-5.8099,-11.7361
2026-05-18,680.4000,109.6900,102.2823,6.8000,100.0588,-9.6312,-2.2235,-8.7804
2026-05-19,681.1000,110.9500,102.2823,6.8145,99.9486,-11.0014,-2.3337,-9.9156
2026-05-20,670.5000,105.1200,102.2823,6.8005,98.5957,-6.5243,-3.6866,-6.2065
2026-05-21,656.0000,104.8100,102.2823,6.8025,96.4351,-8.3749,-5.8472,-7.9905
2026-05-22,641.1000,100.7500,102.2823,6.7945,94.3557,-6.3943,-7.9266,-6.3467
2026-05-25,607.9000,93.6000,102.2823,6.7945,89.4694,-4.1306,-12.8129,-4.4130
2026-05-26,602.3000,96.3300,102.2823,6.7860,88.7563,-7.5737,-13.5260,-7.8623
2026-05-27,599.8000,92.8500,102.2823,6.7788,88.4817,-4.3683,-13.8006,-4.7046
2026-05-28,598.7000,92.3800,102.2823,6.7796,88.3090,-4.0710,-13.9733,-4.4067
2026-05-29,581.0000,91.1000,102.2823,6.7662,85.8680,-5.2320,-16.4143,-5.7431
2026-06-01,595.9000,95.2500,102.2823,6.7650,88.0857,-7.1643,-14.1966,-7.5215
2026-06-02,596.0000,95.8500,102.2823,6.7622,88.1370,-7.7130,-14.1453,-8.0470
2026-06-03,611.8000,97.3200,102.2823,6.7692,90.3800,-6.9400,-11.9024,-7.1312
2026-06-04,603.6000,95.2400,102.2823,6.7735,89.1120,-6.1280,-13.1703,-6.4343
2026-06-05,594.6000,92.8400,102.2823,6.7655,87.8871,-4.9529,-14.3952,-5.3349
2026-06-08,613.0000,94.0800,102.2823,6.7832,90.3703,-3.7097,-11.9120,-3.9431
2026-06-09,580.2000,92.3200,102.2823,6.7722,85.6738,-6.6462,-16.6085,-7.1991
2026-06-10,572.2000,94.9400,102.2823,6.7745,84.4638,-10.4762,-17.8185,-11.0346
2026-06-11,582.1000,89.1500,102.2823,6.7756,85.9112,-3.2388,-16.3711,-3.6330
2026-06-12,553.5000,86.7200,102.2823,6.7626,81.8472,-4.8728,-20.4351,-5.6190
2026-06-15,530.8000,83.3600,102.2823,6.7570,78.5556,-4.8044,-23.7267,-5.7635
2026-06-16,527.5000,79.3200,102.2823,6.7562,78.0764,-1.2436,-24.2059,-1.5678
2026-06-17,510.2000,78.3900,102.2823,6.7577,75.4991,-2.8909,-26.7832,-3.6879
2026-06-18,508.5000,78.9400,102.2823,6.7686,75.1263,-3.8137,-27.1560,-4.8311
2026-06-22,507.2000,77.8000,102.2823,6.7686,74.9343,-2.8657,-27.3481,-3.6835
2026-06-23,491.4000,77.5400,102.2823,6.7686,72.5999,-4.9401,-29.6824,-6.3710
